id,name,department,price_ex_vat,price_inc_vat,currency,unit,note,url,updated
407,"תרסיס לניקוי מוצרי עור 400 מ""ל - סנט מוריץ",סטוק עד הבית,20.00,23.60,ILS,,חיסול מלאי,https://ymarket.co.il/products/cleaning-400/,2026-08-10
770,אפוד זהור 4 כיסים - כתום,מיגון ובטיחות בעבודה (PPE),65.00,76.70,ILS,,,https://ymarket.co.il/products/4-orange/,2026-08-10
98,ווניל שקוף/לבן (IT-TAI) - מידה L - (100 יח) - ללא אבקה,מיגון ובטיחות בעבודה (PPE),18.00,21.24,ILS,,,https://ymarket.co.il/products/vinyl-it-tai/,2026-08-10
97,ווניל שקוף/לבן (IT-TAI) - מידה M - (100 יח) - ללא אבקה,מיגון ובטיחות בעבודה (PPE),18.00,21.24,ILS,,,https://ymarket.co.il/products/vinyl-it-tai/,2026-08-10
435,ווניל שקוף/לבן (IT-TAI) - מידה S - (100 יח) - ללא אבקה,מיגון ובטיחות בעבודה (PPE),18.00,21.24,ILS,,,https://ymarket.co.il/products/vinyl-it-tai/,2026-08-10
99,ווניל שקוף/לבן (IT-TAI) - מידה XL - (100 יח) - ללא אבקה,מיגון ובטיחות בעבודה (PPE),18.00,21.24,ILS,,,https://ymarket.co.il/products/vinyl-it-tai/,2026-08-10
34,ויטריל שחור (Perfect) מידה S - (100 יח) - ללא אבקה,מיגון ובטיחות בעבודה (PPE),14.00,16.52,ILS,,,https://ymarket.co.il/products/vitrile-black-perfect-size-s-100-without-powder/,2026-08-10
564,חליפת גשם נילון פוליאסטר ירוק זית,מיגון ובטיחות בעבודה (PPE),85.00,100.30,ILS,,,https://ymarket.co.il/products/green/,2026-08-10
154,כובע אקורדיון אלבד לבן 2000 יח GRADE A,מיגון ובטיחות בעבודה (PPE),190.00,224.20,ILS,,,https://ymarket.co.il/products/white-2000-grade-a/,2026-08-10
402,כיסוי נעל ניילון כחול - 2000 יח',מיגון ובטיחות בעבודה (PPE),240.00,283.20,ILS,,,https://ymarket.co.il/products/nylon-blue-2000/,2026-08-10
59,כפפה נילון שקופה (Liron) - מידה L - (100 יח),מיגון ובטיחות בעבודה (PPE),4.00,4.72,ILS,,,https://ymarket.co.il/products/liron-size-l-100/,2026-08-10
316,כפפות בית גומי L,מיגון ובטיחות בעבודה (PPE),3.00,3.54,ILS,,,https://ymarket.co.il/products/gloves-l/,2026-08-10
487,כפפות בלוקים כתומות ציפוי מחוספס - זוגות,מיגון ובטיחות בעבודה (PPE),4.00,4.72,ILS,,,https://ymarket.co.il/products/gloves/,2026-08-10
333,כפפות חיזוק לעבודה בפחם - מגן ורידים,מיגון ובטיחות בעבודה (PPE),7.00,8.26,ILS,,,https://ymarket.co.il/products/gloves-protective/,2026-08-10
886,כפפות ניטריל כחול (סטוק) - ללא חזרות,מיגון ובטיחות בעבודה (PPE),11.00,12.98,ILS,,,https://ymarket.co.il/products/gloves-blue-without/,2026-08-10
80,כפפת עבודה אדומה - ציפוי לטקס,מיגון ובטיחות בעבודה (PPE),3.00,3.54,ILS,,,https://ymarket.co.il/products/latex/,2026-08-10
40,לטקס ללא אבקה (Perfect) מידה L - (100 יח),מיגון ובטיחות בעבודה (PPE),20.00,23.60,ILS,,,https://ymarket.co.il/products/latex-perfect-powder-free/,2026-08-10
39,לטקס ללא אבקה (Perfect) מידה M - (100 יח),מיגון ובטיחות בעבודה (PPE),20.00,23.60,ILS,,,https://ymarket.co.il/products/latex-perfect-powder-free/,2026-08-10
38,לטקס ללא אבקה (Perfect) מידה S - (100 יח),מיגון ובטיחות בעבודה (PPE),20.00,23.60,ILS,,,https://ymarket.co.il/products/latex-perfect-powder-free/,2026-08-10
41,לטקס ללא אבקה (Perfect) מידה XL - (100 יח),מיגון ובטיחות בעבודה (PPE),20.00,23.60,ILS,,,https://ymarket.co.il/products/latex-perfect-powder-free/,2026-08-10
448,לטקס ללא אבקה 50 יח',מיגון ובטיחות בעבודה (PPE),10.00,11.80,ILS,,,https://ymarket.co.il/products/latex-without-powder-50/,2026-08-10
44,לטקס עם אבקה (Perfect) מידה L - (100 יח),מיגון ובטיחות בעבודה (PPE),18.00,21.24,ILS,,,https://ymarket.co.il/products/latex-perfect-powdered/,2026-08-10
43,לטקס עם אבקה (Perfect) מידה M - (100 יח),מיגון ובטיחות בעבודה (PPE),18.00,21.24,ILS,,,https://ymarket.co.il/products/latex-perfect-powdered/,2026-08-10
42,לטקס עם אבקה (Perfect) מידה S - (100 יח),מיגון ובטיחות בעבודה (PPE),18.00,21.24,ILS,,,https://ymarket.co.il/products/latex-perfect-powdered/,2026-08-10
45,לטקס עם אבקה (Perfect) מידה XL - (100 יח),מיגון ובטיחות בעבודה (PPE),18.00,21.24,ILS,,,https://ymarket.co.il/products/latex-perfect-powdered/,2026-08-10
401,מגן זקן,מיגון ובטיחות בעבודה (PPE),210.00,247.80,ILS,,,https://ymarket.co.il/products/protective/,2026-08-10
783,מגף גומי שחור מידה,מיגון ובטיחות בעבודה (PPE),35.00,41.30,ILS,,,https://ymarket.co.il/products/black-size/,2026-08-10
460,מגפיים צבע שחור גומי מידה 44,מיגון ובטיחות בעבודה (PPE),35.00,41.30,ILS,,,https://ymarket.co.il/products/black-size-44/,2026-08-10
65,מסכה כירוגית (3 שכבות) - אפור - 50 יח',מיגון ובטיחות בעבודה (PPE),7.00,8.26,ILS,,,https://ymarket.co.il/products/mask-surgical-3ply-50/,2026-08-10
70,מסכה כירוגית (3 שכבות) - ורוד - 50 יח',מיגון ובטיחות בעבודה (PPE),7.00,8.26,ILS,,,https://ymarket.co.il/products/mask-surgical-3ply-50/,2026-08-10
5,מסכה כירוגית (3 שכבות) - כחול גינס - 50 יח',מיגון ובטיחות בעבודה (PPE),7.00,8.26,ILS,,,https://ymarket.co.il/products/mask-surgical-3-blue-50/,2026-08-10
4,מסכה כירוגית (3 שכבות) - לבן - 50 יח',מיגון ובטיחות בעבודה (PPE),7.00,8.26,ILS,,,https://ymarket.co.il/products/mask-surgical-3ply-50/,2026-08-10
3,מסכה כירוגית (3 שכבות) - שחור - 50 יח',מיגון ובטיחות בעבודה (PPE),7.00,8.26,ILS,,,https://ymarket.co.il/products/mask-surgical-3ply-50/,2026-08-10
2,מסכה כירוגית (3 שכבות) - תכלת - 50 יח',מיגון ובטיחות בעבודה (PPE),7.00,8.26,ILS,,,https://ymarket.co.il/products/mask-surgical-3ply-50/,2026-08-10
209,מעיל גשם ארוך P.V.C בצבע צהוב - L,מיגון ובטיחות בעבודה (PPE),25.00,29.50,ILS,,,https://ymarket.co.il/products/pvc-raincoat-yellow/,2026-08-10
208,מעיל גשם ארוך P.V.C בצבע צהוב - XL,מיגון ובטיחות בעבודה (PPE),25.00,29.50,ILS,,,https://ymarket.co.il/products/pvc-raincoat-yellow/,2026-08-10
790,מעיל גשם ארוך P.V.C בצבע צהוב - XXL,מיגון ובטיחות בעבודה (PPE),25.00,29.50,ILS,,,https://ymarket.co.il/products/pvc-raincoat-yellow/,2026-08-10
594,משקפי מגן,מיגון ובטיחות בעבודה (PPE),10.00,11.80,ILS,,,https://ymarket.co.il/products/goggles-protective/,2026-08-10
882,נטריל ורוד ללא אבקה מידה M - א' 100 יח',מיגון ובטיחות בעבודה (PPE),22.00,25.96,ILS,,,https://ymarket.co.il/products/nitrile-pink-powder-free/,2026-08-10
944,נטריל ורוד ללא אבקה מידה S - א' 100 יח',מיגון ובטיחות בעבודה (PPE),22.00,25.96,ILS,,,https://ymarket.co.il/products/nitrile-pink-powder-free/,2026-08-10
75,נטריל כחול ( DR BOO) - מידה S - (100 יח' - ללא אבקה,מיגון ובטיחות בעבודה (PPE),25.00,29.50,ILS,,,https://ymarket.co.il/products/nitrile-blue-dr-boo-size-s-100-without-powder/,2026-08-10
63,נטריל כחול (Perfect) - מידה L - (100 יח) - ללא אבקה,מיגון ובטיחות בעבודה (PPE),18.00,21.24,ILS,,,https://ymarket.co.il/products/nitrile-blue-perfect/,2026-08-10
62,נטריל כחול (Perfect) - מידה M - (100 יח) - ללא אבקה,מיגון ובטיחות בעבודה (PPE),18.00,21.24,ILS,,,https://ymarket.co.il/products/nitrile-blue-perfect/,2026-08-10
61,נטריל כחול (Perfect) - מידה S - (100 יח) - ללא אבקה,מיגון ובטיחות בעבודה (PPE),18.00,21.24,ILS,,,https://ymarket.co.il/products/nitrile-blue-perfect/,2026-08-10
64,נטריל כחול (Perfect) - מידה XL - (100 יח) - ללא אבקה,מיגון ובטיחות בעבודה (PPE),18.00,21.24,ILS,,,https://ymarket.co.il/products/nitrile-blue-perfect/,2026-08-10
227,נטריל כחול (Perfect) - מידה XS - (100 יח) - ללא אבקה,מיגון ובטיחות בעבודה (PPE),20.00,23.60,ILS,,,https://ymarket.co.il/products/nitrile-blue-perfect/,2026-08-10
470,נטריל כתום מחוספסות XL,מיגון ובטיחות בעבודה (PPE),22.00,25.96,ILS,,,https://ymarket.co.il/products/nitrile-orange-xl/,2026-08-10
19,נטריל שחור (Perfect) - מידה L - (100 יח) - ללא אבקה,מיגון ובטיחות בעבודה (PPE),18.00,21.24,ILS,,,https://ymarket.co.il/products/nitrile-black-perfect/,2026-08-10
18,נטריל שחור (Perfect) - מידה M - (100 יח) - ללא אבקה,מיגון ובטיחות בעבודה (PPE),18.00,21.24,ILS,,,https://ymarket.co.il/products/nitrile-black-perfect/,2026-08-10
20,נטריל שחור (Perfect) - מידה S - (100 יח) - ללא אבקה,מיגון ובטיחות בעבודה (PPE),18.00,21.24,ILS,,,https://ymarket.co.il/products/nitrile-black-perfect/,2026-08-10
21,נטריל שחור (Perfect) - מידה XL - (100 יח) - ללא אבקה,מיגון ובטיחות בעבודה (PPE),18.00,21.24,ILS,,,https://ymarket.co.il/products/nitrile-black-perfect/,2026-08-10
379,נטריל שחור L {פרומקס},מיגון ובטיחות בעבודה (PPE),25.00,29.50,ILS,,,https://ymarket.co.il/products/nitrile-black-gloves/,2026-08-10
445,נטריל שחור M {פרומקס},מיגון ובטיחות בעבודה (PPE),25.00,29.50,ILS,,,https://ymarket.co.il/products/nitrile-black-gloves/,2026-08-10
444,נטריל שחור S {פרומקס},מיגון ובטיחות בעבודה (PPE),25.00,29.50,ILS,,,https://ymarket.co.il/products/nitrile-black-gloves/,2026-08-10
446,נטריל שחור XL {פרומקס},מיגון ובטיחות בעבודה (PPE),25.00,29.50,ILS,,,https://ymarket.co.il/products/nitrile-black-gloves/,2026-08-10
155,סינר חד פעמי בשקית -א' 100 יח,מיגון ובטיחות בעבודה (PPE),26.00,30.68,ILS,,,https://ymarket.co.il/products/candle-bag-100/,2026-08-10
1014,סינר PVC איכותי - לבן,מיגון ובטיחות בעבודה (PPE),35.00,41.30,ILS,,,https://ymarket.co.il/products/candle-pvc-white/,2026-08-10
956,סינרים חד פעמיים LD - עבה במיוחד - א' 60 יח',מיגון ובטיחות בעבודה (PPE),60.00,70.80,ILS,,,https://ymarket.co.il/products/candle-ld-60/,2026-08-10
285,ערדליים כחול 2000 יח',מיגון ובטיחות בעבודה (PPE),270.00,318.60,ILS,,,https://ymarket.co.il/products/bucket-blue-2000/,2026-08-10
264,ערדליים כחול 2000 יחידות,מיגון ובטיחות בעבודה (PPE),310.00,365.80,ILS,,,https://ymarket.co.il/products/bucket-blue-2000-units/,2026-08-10
432,קסדות מגן פיזה,מיגון ובטיחות בעבודה (PPE),10.00,11.80,ILS,,,https://ymarket.co.il/products/protective-432/,2026-08-10
341,שרוולון אלבד לבן - 1000 יח,מיגון ובטיחות בעבודה (PPE),410.55,484.45,ILS,,,https://ymarket.co.il/products/white-1000/,2026-08-10
50,KN-95 לבן 5 שכבות - 3 יח',מיגון ובטיחות בעבודה (PPE),6.00,7.08,ILS,,,https://ymarket.co.il/products/kn-95-white-5-3/,2026-08-10
51,KN-95 לבן 5 שכבות עם פילטר - 1 יח',מיגון ובטיחות בעבודה (PPE),5.00,5.90,ILS,,,https://ymarket.co.il/products/kn-95-white-5-with-1/,2026-08-10
628,דלי 10 ליטר שחור,כלי עבודה וציוד משקי,10.00,11.80,ILS,,,https://ymarket.co.il/products/bucket-10-black/,2026-08-10
340,דלי שטיפה עם פיה - 12 ליטר,כלי עבודה וציוד משקי,15.00,17.70,ILS,,,https://ymarket.co.il/products/bucket-with-12/,2026-08-10
253,כף אשפה + גומי,כלי עבודה וציוד משקי,7.00,8.26,ILS,,,https://ymarket.co.il/products/spoon-garbage/,2026-08-10
257,כף אשפה עומד + מקל,כלי עבודה וציוד משקי,10.00,11.80,ILS,,,https://ymarket.co.il/products/spoon-garbage-handle/,2026-08-10
188,מגב אטלס (60) ATLAS,כלי עבודה וציוד משקי,10.00,11.80,ILS,,,https://ymarket.co.il/products/squeegee-60-atlas/,2026-08-10
425,"מגב חד להב סיליקון עם תופסן 43 ס""מ",כלי עבודה וציוד משקי,25.00,29.50,ILS,,,https://ymarket.co.il/products/squeegee-with-43/,2026-08-10
228,מגב מתכת 40 (עם אברגה),כלי עבודה וציוד משקי,15.00,17.70,ILS,,,https://ymarket.co.il/products/squeegee-40-with/,2026-08-10
229,מגב מתכת 60 (עם אברגה),כלי עבודה וציוד משקי,22.00,25.96,ILS,,,https://ymarket.co.il/products/squeegee-60-with/,2026-08-10
187,מגב פלסטיק (40) BASIC,כלי עבודה וציוד משקי,6.00,7.08,ILS,,,https://ymarket.co.il/products/squeegee-plastic-40-basic/,2026-08-10
389,"מגב קלינג עם תפסן 40 ס""מ",כלי עבודה וציוד משקי,12.00,14.16,ILS,,,https://ymarket.co.il/products/squeegee-with-40/,2026-08-10
428,מגב שיש,כלי עבודה וציוד משקי,5.00,5.90,ILS,,,https://ymarket.co.il/products/squeegee/,2026-08-10
474,"מטאטא אולמות 40 ס""מ איכותי",כלי עבודה וציוד משקי,22.00,25.96,ILS,,,https://ymarket.co.il/products/broom-40/,2026-08-10
309,מטאטא אולמות 60 פלסטיק,כלי עבודה וציוד משקי,32.00,37.76,ILS,,,https://ymarket.co.il/products/broom-60-plastic/,2026-08-10
189,מטאטא ג'וליה,כלי עבודה וציוד משקי,7.00,8.26,ILS,,,https://ymarket.co.il/products/broom/,2026-08-10
339,"מטאטא כביש ניילון 30 ס""מ",כלי עבודה וציוד משקי,22.00,25.96,ILS,,,https://ymarket.co.il/products/broom-nylon-30/,2026-08-10
326,"מטאטא כביש ניילון 40 ס""מ",כלי עבודה וציוד משקי,25.00,29.50,ILS,,,https://ymarket.co.il/products/broom-nylon-40/,2026-08-10
883,מטאטא מליציה Melisia,כלי עבודה וציוד משקי,12.00,14.16,ILS,,,https://ymarket.co.il/products/broom-melisia/,2026-08-10
223,מטאטא קרצוף שרובר,כלי עבודה וציוד משקי,10.00,11.80,ILS,,,https://ymarket.co.il/products/broom-223/,2026-08-10
344,מטאטא קש + מקל,כלי עבודה וציוד משקי,40.00,47.20,ILS,,,https://ymarket.co.il/products/broom-straw-handle/,2026-08-10
260,מקל מתכת 1.5 מ',כלי עבודה וציוד משקי,7.00,8.26,ILS,,,https://ymarket.co.il/products/handle-1-5/,2026-08-10
250,מקל עץ + הברגה,כלי עבודה וציוד משקי,7.00,8.26,ILS,,,https://ymarket.co.il/products/handle/,2026-08-10
1090,מתקן ל 3 נייר טואלט ברזל - לבן,כלי עבודה וציוד משקי,160.00,188.80,ILS,,,https://ymarket.co.il/products/3-paper-toilet-white/,2026-08-10
427,סט שירותים DENVER,כלי עבודה וציוד משקי,20.00,23.60,ILS,,,https://ymarket.co.il/products/denver/,2026-08-10
676,סט שירותים URBAN לבן,כלי עבודה וציוד משקי,10.00,11.80,ILS,,,https://ymarket.co.il/products/urban-white/,2026-08-10
675,פח 60 ל' שחור עם מכסה,כלי עבודה וציוד משקי,90.00,106.20,ILS,,,https://ymarket.co.il/products/60-black-with/,2026-08-10
971,פח דוושה 45 ל' מרובע אפור,כלי עבודה וציוד משקי,150.00,177.00,ILS,,,https://ymarket.co.il/products/45-gray/,2026-08-10
776,פח שובך אפור 25 ליטר מרובע,כלי עבודה וציוד משקי,100.00,118.00,ILS,,,https://ymarket.co.il/products/gray-25/,2026-08-10
263,פח שובך אפור 50 ליטר מרובע,כלי עבודה וציוד משקי,70.00,82.60,ILS,,,https://ymarket.co.il/products/nesting-bin-50l-square/,2026-08-10
1073,פח שובך לבן 50 ליטר מרובע,כלי עבודה וציוד משקי,70.00,82.60,ILS,,,https://ymarket.co.il/products/nesting-bin-50l-square/,2026-08-10
376,שלט זהירות רצפה רטובה,כלי עבודה וציוד משקי,50.00,59.00,ILS,,,https://ymarket.co.il/products/floor/,2026-08-10
203,שקיות אשפה גורילה 75*85 בגליל - 25 יח',שקיות ופתרונות אשפה,10.00,11.80,ILS,,,https://ymarket.co.il/products/bags-garbage-75-85-roll-25/,2026-08-10
173,שקיות אשפה גורילה עם ידיות 75*90 בשקית - Shainy,שקיות ופתרונות אשפה,10.00,11.80,ILS,,,https://ymarket.co.il/products/bags-garbage-with-75-90-bag-shainy/,2026-08-10
685,שקיות אשפה גליל לבן 50*70 - א' 20 יח',שקיות ופתרונות אשפה,9.00,10.62,ILS,,,https://ymarket.co.il/products/bags-garbage-roll-white-50-70-20/,2026-08-10
974,"שקיות אשפה חזקות במיוחד 100*120 - א' 120 יח' 20 ק""ג",שקיות ופתרונות אשפה,280.00,330.40,ILS,,,https://ymarket.co.il/products/bags-garbage-100-120-120-20/,2026-08-10
973,שקיות אשפה כתום 75*85 בגליל - 25 יח',שקיות ופתרונות אשפה,8.00,9.44,ILS,,,https://ymarket.co.il/products/bags-garbage-orange-75-85-roll-25/,2026-08-10
931,"שקיות גופיה בורדו נקי - 15 ק""ג 30*60 (גדול)",שקיות ופתרונות אשפה,240.00,283.20,ILS,,,https://ymarket.co.il/products/bags-15-30-60-large/,2026-08-10
933,"שקיות גופיה כחול נקי - 15 ק""ג 30*70 (ענק)",שקיות ופתרונות אשפה,240.00,283.20,ILS,,,https://ymarket.co.il/products/bags-blue-15-30-70/,2026-08-10
994,"שקיות גופיה כחול נקי 1 ק""ג - 30*70 (ענק)",שקיות ופתרונות אשפה,15.00,17.70,ILS,,,https://ymarket.co.il/products/bags-blue-1-30-70/,2026-08-10
656,שקיות גופיה לבן - שק - 24 קילו - 50*60 (גדול),שקיות ופתרונות אשפה,240.00,283.20,ILS,,,https://ymarket.co.il/products/bags-white-24-50-60-large/,2026-08-10
662,שקיות גופיה לבן - שק - 24 קילו - 60*70 (ענק),שקיות ופתרונות אשפה,240.00,283.20,ILS,,,https://ymarket.co.il/products/bags-white-24-60-70/,2026-08-10
661,ֱשקיות גופיה לבן - שק - 24 קילו - 70*90 (ג'מבו),שקיות ופתרונות אשפה,240.00,283.20,ILS,,,https://ymarket.co.il/products/bags-white-24-70-90/,2026-08-10
103,שקיות גופיה לבן 30*60 (גדול) - 15 קילו - סטנדרט,שקיות ופתרונות אשפה,160.00,188.80,ILS,,,https://ymarket.co.il/products/bags-white-30-60-large-15/,2026-08-10
728,"שקיות גופיה לבן נקי - 15 ק""ג 30*60 (גדול)",שקיות ופתרונות אשפה,210.00,247.80,ILS,,,https://ymarket.co.il/products/bags-white-15-30-60-large/,2026-08-10
995,שקיות גופיה לבן נקי - 30*60 (גדול),שקיות ופתרונות אשפה,15.00,17.70,ILS,,,https://ymarket.co.il/products/bags-white-30-60-large/,2026-08-10
346,שקיות גופיה צבעוני 46*36 (קטן) - 15 קילו - סטנדרט,שקיות ופתרונות אשפה,180.00,212.40,ILS,,,https://ymarket.co.il/products/bags-46-36-small-15/,2026-08-10
1028,שקיות גופיה שחור 30*60 (גדול) - 15 קילו - נקי,שקיות ופתרונות אשפה,240.00,283.20,ILS,,,https://ymarket.co.il/products/bags-black-30-60-large-15/,2026-08-10
802,שקיות גופיה שחור 46*36 (קטן) - 15 קילו - סטנדרט,שקיות ופתרונות אשפה,180.00,212.40,ILS,,,https://ymarket.co.il/products/bags-black-46-36-small-15/,2026-08-10
772,שקיות גופיה שחור 50*44 (בנוני) - 15 קילו - נקי,שקיות ופתרונות אשפה,160.00,188.80,ILS,,,https://ymarket.co.il/products/bags-black-50-44-15-772/,2026-08-10
109,שקיות גופיה שחור 50*44 (בנוני) - 15 קילו - סטנדרט,שקיות ופתרונות אשפה,180.00,212.40,ILS,,,https://ymarket.co.il/products/bags-black-50-44-15/,2026-08-10
1027,"שקיות גופיה שחור סטנדרט - 15 ק""ג 30*70 (ענק)",שקיות ופתרונות אשפה,260.00,306.80,ILS,,,https://ymarket.co.il/products/bags-black-15-30-70/,2026-08-10
410,שקיות גליל עם שרוך 52*65 - 50 יח',שקיות ופתרונות אשפה,15.00,17.70,ILS,,,https://ymarket.co.il/products/bags-roll-with-52-65-50/,2026-08-10
1065,שקית אשפה שחורה עם ידית - 75*90 - 25 יח,שקיות ופתרונות אשפה,15.00,17.70,ILS,,,https://ymarket.co.il/products/bag-garbage-black-with-75-90-25/,2026-08-10
107,שקית אשפה שחורה עם שרוך - 75*90 - 20 יח,שקיות ופתרונות אשפה,10.00,11.80,ILS,,,https://ymarket.co.il/products/bag-garbage-black-with-75-90-20/,2026-08-10
133,"שקית גופיה 48*38 (קטן) נקי מיוחד 15 ק""ג",שקיות ופתרונות אשפה,160.00,188.80,ILS,,,https://ymarket.co.il/products/bag-48-38-small-15/,2026-08-10
801,"שקית גופיה לבן 50*44 (בנוני) נקי מיוחד 15 ק""ג",שקיות ופתרונות אשפה,160.00,188.80,ILS,,,https://ymarket.co.il/products/bag-white-50-44-15/,2026-08-10
771,"שקית גופיה שחור 48*38 (קטן) נקי 15 ק""ג",שקיות ופתרונות אשפה,160.00,188.80,ILS,,,https://ymarket.co.il/products/bag-black-48-38-small-15/,2026-08-10
972,שקית זבל כחול - 75*90 - 800 גר' - 25 יח,שקיות ופתרונות אשפה,12.00,14.16,ILS,,,https://ymarket.co.il/products/bag-blue-75-90-800-25/,2026-08-10
108,שקית זבל שחורה - 75*85 - 400 גר',שקיות ופתרונות אשפה,6.00,7.08,ILS,,,https://ymarket.co.il/products/bag-black-75-85-400/,2026-08-10
1033,שקית זבל שחורה - 75*90 - 1250 גרם - 25 יח',שקיות ופתרונות אשפה,21.00,24.78,ILS,,,https://ymarket.co.il/products/bag-black-75-90-1250-25/,2026-08-10
934,שקית זבל שחורה - 75*90 - 800 גר' (Blinx) - 25 יח,שקיות ופתרונות אשפה,10.00,11.80,ILS,,,https://ymarket.co.il/products/bag-black-75-90-800-blinx-25/,2026-08-10
104,שקית זבל שחורה - 75*90 - בשקית - 50 יח,שקיות ופתרונות אשפה,18.00,21.24,ILS,,,https://ymarket.co.il/products/bag-black-75-90-bag-50/,2026-08-10
1032,"שקית זבל שחורה - 80*90 - 50 מיקרון - 19 ק""ג",שקיות ופתרונות אשפה,240.00,283.20,ILS,,,https://ymarket.co.il/products/bag-black-80-90-50-19/,2026-08-10
143,שקית זבל שחורה עבה - 75*90 - 800 גר' (גורילה) - 25 יח,שקיות ופתרונות אשפה,10.00,11.80,ILS,,,https://ymarket.co.il/products/bag-black-75-90-800-25/,2026-08-10
659,שקית זבל שחורה עבה 80*120 - 25 קג,שקיות ופתרונות אשפה,395.00,466.10,ILS,,,https://ymarket.co.il/products/garbage-bag-black-25kg/,2026-08-10
314,שקית שקוף 50*70 HD - א' 50 יח',שקיות ופתרונות אשפה,4.14,4.89,ILS,,,https://ymarket.co.il/products/bag-transparent-50-70-hd-50/,2026-08-10
179,שקית HD שקוף 50*50 - א' 50 יח',שקיות ופתרונות אשפה,4.00,4.72,ILS,,,https://ymarket.co.il/products/bag-hd-transparent-50-50-50/,2026-08-10
839,אקונומיקה 3.5% - 4 ליטר BLINX,חומרי ניקוי וכימיקלים,8.50,10.03,ILS,,,https://ymarket.co.il/products/bleach-3-5-4-blinx/,2026-08-10
840,אקונומיקה 3.5% ריחנית - 4 ליטר BLINX,חומרי ניקוי וכימיקלים,10.00,11.80,ILS,,,https://ymarket.co.il/products/bleach-3-5-scented-4-blinx/,2026-08-10
105,אקונומיקה 4 ליטר (סמיכה) - BLINX,חומרי ניקוי וכימיקלים,15.00,17.70,ILS,,,https://ymarket.co.il/products/bleach-4-blinx/,2026-08-10
860,"אקונומיקה ספריי 3.5% - 750 מ""ל BLINX",חומרי ניקוי וכימיקלים,12.00,14.16,ILS,,,https://ymarket.co.il/products/bleach-3-5-750-blinx/,2026-08-10
1055,"ג'ל אורנים לניקוי כללי 1 ק""ג - BLINX",חומרי ניקוי וכימיקלים,18.00,21.24,ILS,,,https://ymarket.co.il/products/cleaning-1-blinx/,2026-08-10
205,גומי קוצים ריחני למשתנות,חומרי ניקוי וכימיקלים,8.00,9.44,ILS,,,https://ymarket.co.il/products/scented/,2026-08-10
1083,חומצת מלח 10% - 1 ליטר BLINX,חומרי ניקוי וכימיקלים,12.00,14.16,ILS,,,https://ymarket.co.il/products/10-1-blinx/,2026-08-10
847,חומצת מלח 10% - 4 ליטר BLINX,חומרי ניקוי וכימיקלים,23.00,27.14,ILS,,,https://ymarket.co.il/products/10-4-blinx/,2026-08-10
1006,חומצת מלח מרוכזת 33% - 1 ליטר BLINX,חומרי ניקוי וכימיקלים,15.00,17.70,ILS,,,https://ymarket.co.il/products/33-1-blinx/,2026-08-10
848,חומצת מלח מרוכזת 33% - 4 ליטר BLINX,חומרי ניקוי וכימיקלים,35.00,41.30,ILS,,,https://ymarket.co.il/products/33-4-blinx/,2026-08-10
481,חומר למכונות שטיפה - קולוניה 5 ל',חומרי ניקוי וכימיקלים,60.00,70.80,ILS,,,https://ymarket.co.il/products/cleaner-5/,2026-08-10
480,חומר למכונת שטיפה מסיר שומן 18 ל',חומרי ניקוי וכימיקלים,150.00,177.00,ILS,,,https://ymarket.co.il/products/cleaner-18/,2026-08-10
331,טבליות כלור חיטוי ירקות - 200 יח,חומרי ניקוי וכימיקלים,140.00,165.20,ILS,,,https://ymarket.co.il/products/disinfectant-200/,2026-08-10
165,"מבריק נירוסטה 400 מ""ל - סנט מוריץ",חומרי ניקוי וכימיקלים,19.00,22.42,ILS,,,https://ymarket.co.il/products/stainless-steel-polish-400ml-saint-moritz/,2026-08-10
833,מבשם אויר ובדים טופח ריחני גרניום,חומרי ניקוי וכימיקלים,12.00,14.16,ILS,,,https://ymarket.co.il/products/scented-833/,2026-08-10
834,מבשם אויר ובדים טופח ריחני יערה איטלקית,חומרי ניקוי וכימיקלים,12.00,14.16,ILS,,,https://ymarket.co.il/products/scented-834/,2026-08-10
832,מבשם אויר ובדים טופח ריחני לבנדר מרגיע,חומרי ניקוי וכימיקלים,12.00,14.16,ILS,,,https://ymarket.co.il/products/scented-832/,2026-08-10
831,מבשם אויר ובדים טופח ריחני Sweet,חומרי ניקוי וכימיקלים,12.00,14.16,ILS,,,https://ymarket.co.il/products/scented-sweet/,2026-08-10
546,מבשם למתקן מיקס - ריח מרכך כביסה,חומרי ניקוי וכימיקלים,12.00,14.16,ILS,,,https://ymarket.co.il/products/laundry/,2026-08-10
232,מבשם למתקן מיקס - ריח BLUE,חומרי ניקוי וכימיקלים,12.00,14.16,ILS,,,https://ymarket.co.il/products/blue/,2026-08-10
230,מבשם למתקן מיקס - ריח SEXY,חומרי ניקוי וכימיקלים,12.00,14.16,ILS,,,https://ymarket.co.il/products/sexy/,2026-08-10
82,מגבון (Delux) ריחני בדלי - 400 יח',חומרי ניקוי וכימיקלים,16.00,18.88,ILS,,,https://ymarket.co.il/products/squeegee-delux-scented-bucket-400/,2026-08-10
216,מגבון 400 - מילוי לדלי,חומרי ניקוי וכימיקלים,14.00,16.52,ILS,,,https://ymarket.co.il/products/squeegee-400-bucket/,2026-08-10
701,מייבש ידיים חשמלי,חומרי ניקוי וכימיקלים,1400.00,1652.00,ILS,,,https://ymarket.co.il/products/hands/,2026-08-10
851,מנקה אסלות - 1 ליטר BLINX,חומרי ניקוי וכימיקלים,7.00,8.26,ILS,,,https://ymarket.co.il/products/1-blinx/,2026-08-10
857,מסיר אבנית איכותי - 1 ליטר BLINX,חומרי ניקוי וכימיקלים,17.00,20.06,ILS,,,https://ymarket.co.il/products/1-blinx-857/,2026-08-10
1060,"מסיר אבנית מתז - 750 מ""ל BLINX",חומרי ניקוי וכימיקלים,9.52,11.23,ILS,,,https://ymarket.co.il/products/750-blinx-1060/,2026-08-10
842,מסיר שומן קר - 4 ליטר BLINX,חומרי ניקוי וכימיקלים,35.00,41.30,ILS,,,https://ymarket.co.il/products/4-blinx-842/,2026-08-10
852,"מסיר שומן קר - 750 מ""ל BLINX",חומרי ניקוי וכימיקלים,12.00,14.16,ILS,,,https://ymarket.co.il/products/750-blinx/,2026-08-10
431,מרכך כביסה 1 ליטר אקסטרא בישום - בניחוח קריבים,חומרי ניקוי וכימיקלים,6.55,7.73,ILS,1,,https://ymarket.co.il/products/laundry-1/,2026-08-10
442,מרכך כביסה ורוד,חומרי ניקוי וכימיקלים,10.00,11.80,ILS,,מבצע (במקום 14.00 ₪),https://ymarket.co.il/products/fabric-softener-blue-pink/,2026-08-10
441,מרכך כביסה כחול,חומרי ניקוי וכימיקלים,10.00,11.80,ILS,,מבצע (במקום 14.00 ₪),https://ymarket.co.il/products/fabric-softener-blue-pink/,2026-08-10
239,"משחת כלים בניחוח לימון 20 ק""ג (סו קלין)",חומרי ניקוי וכימיקלים,65.00,76.70,ILS,,,https://ymarket.co.il/products/dishes-20/,2026-08-10
185,מתקן מבושם אוטומטי PRESS,חומרי ניקוי וכימיקלים,60.00,70.80,ILS,,,https://ymarket.co.il/products/fragranced-press/,2026-08-10
588,"נוזל הברקה (טארגט) למדיח כלים תעשייתי 18 ק""ג",חומרי ניקוי וכימיקלים,185.00,218.30,ILS,,,https://ymarket.co.il/products/dishwasher-dishes-industrial-18/,2026-08-10
855,נוזל חלונות - 1 ליטר BLINX,חומרי ניקוי וכימיקלים,8.00,9.44,ILS,,,https://ymarket.co.il/products/1-blinx-855/,2026-08-10
849,נוזל חלונות - 4 ליטר BLINX,חומרי ניקוי וכימיקלים,12.00,14.16,ILS,,,https://ymarket.co.il/products/4-blinx-849/,2026-08-10
853,נוזל כלים 12% - 1 ליטר BLINX,חומרי ניקוי וכימיקלים,8.00,9.44,ILS,,,https://ymarket.co.il/products/dishes-12-1-blinx/,2026-08-10
845,נוזל כלים 12% - 4 ליטר BLINX,חומרי ניקוי וכימיקלים,18.00,21.24,ILS,,,https://ymarket.co.il/products/dish-liquid-blinx-4l/,2026-08-10
854,נוזל כלים 18% - 1 ליטר BLINX,חומרי ניקוי וכימיקלים,12.00,14.16,ILS,,,https://ymarket.co.il/products/dishes-18-1-blinx/,2026-08-10
846,נוזל כלים 18% - 4 ליטר BLINX,חומרי ניקוי וכימיקלים,22.00,25.96,ILS,,,https://ymarket.co.il/products/dish-liquid-blinx-4l/,2026-08-10
1007,נוזל כלים 24% - 4 ליטר BLINX,חומרי ניקוי וכימיקלים,23.00,27.14,ILS,,,https://ymarket.co.il/products/dish-liquid-blinx-4l/,2026-08-10
862,נוזל כלים 24% (משאבה) - 1 ליטר,חומרי ניקוי וכימיקלים,10.00,11.80,ILS,,,https://ymarket.co.il/products/dishes-24-1/,2026-08-10
981,"נוזל למדיחים (טארגט) - 24 ק""ג",חומרי ניקוי וכימיקלים,270.00,318.60,ILS,,,https://ymarket.co.il/products/dishwasher-24/,2026-08-10
861,נוזל ניקוי מרוכז פרו 104 - 4 ל',חומרי ניקוי וכימיקלים,30.00,35.40,ILS,,,https://ymarket.co.il/products/cleaning-104-4/,2026-08-10
844,נוזל רב תכליתי - 4 ליטר BLINX,חומרי ניקוי וכימיקלים,19.00,22.42,ILS,,,https://ymarket.co.il/products/4-blinx-844/,2026-08-10
858,"נוזל רב תכליתי - 750 מ""ל BLINX",חומרי ניקוי וכימיקלים,10.00,11.80,ILS,,,https://ymarket.co.il/products/750-blinx-858/,2026-08-10
1063,"נוזל רב תכליתי מתז - 750 מ""ל BLINX",חומרי ניקוי וכימיקלים,14.00,16.52,ILS,,,https://ymarket.co.il/products/750-blinx-1063/,2026-08-10
1062,נוזל רצפות אוקיינוס - 4 ליטר BLINX,חומרי ניקוי וכימיקלים,14.00,16.52,ILS,,,https://ymarket.co.il/products/4-blinx-1062/,2026-08-10
1084,נוזל רצפות בזוקה - 4 ליטר BLINX,חומרי ניקוי וכימיקלים,14.00,16.52,ILS,,,https://ymarket.co.il/products/4-blinx-1084/,2026-08-10
841,נוזל רצפות לוונדר - 4 ליטר BLINX,חומרי ניקוי וכימיקלים,14.00,16.52,ILS,,,https://ymarket.co.il/products/4-blinx/,2026-08-10
1061,נוזל רצפות לימון - 4 ליטר BLINX,חומרי ניקוי וכימיקלים,14.00,16.52,ILS,,,https://ymarket.co.il/products/4-blinx-1061/,2026-08-10
850,נוזל C7 עוצמתי - 4 ליטר BLINX,חומרי ניקוי וכימיקלים,30.00,35.40,ILS,,,https://ymarket.co.il/products/c7-4-blinx/,2026-08-10
863,נזול רצפות פרו 100 - 4 ל',חומרי ניקוי וכימיקלים,15.00,17.70,ILS,,,https://ymarket.co.il/products/100-4/,2026-08-10
169,סבון אסלה פוקוס כחול (3 יח'),חומרי ניקוי וכימיקלים,11.00,12.98,ILS,,,https://ymarket.co.il/products/soap-blue-3/,2026-08-10
170,סבון אסלה פוקוס פרחים (3 יח'),חומרי ניקוי וכימיקלים,11.00,12.98,ILS,,,https://ymarket.co.il/products/soap-3/,2026-08-10
843,סבון ידיים - 4 ליטר BLINX,חומרי ניקוי וכימיקלים,18.00,21.24,ILS,,,https://ymarket.co.il/products/soap-hands-4-blinx/,2026-08-10
352,סבון קצף איכותי 1 ליטר,חומרי ניקוי וכימיקלים,15.00,17.70,ILS,,,https://ymarket.co.il/products/soap-1/,2026-08-10
573,"סבוניה 500 מ""ל (F032)",חומרי ניקוי וכימיקלים,25.00,29.50,ILS,,,https://ymarket.co.il/products/500-f032/,2026-08-10
859,סודה אקוסטית גרגירים - 900 גר' BLINX,חומרי ניקוי וכימיקלים,24.00,28.32,ILS,,,https://ymarket.co.il/products/900-blinx/,2026-08-10
112,קפסולת מדיח של פריי - פליטינום פלוס - 5 יח',חומרי ניקוי וכימיקלים,5.40,6.37,ILS,,,https://ymarket.co.il/products/dishwasher-5/,2026-08-10
367,קצף לניקוי שטיחים - סנט מוריץ,חומרי ניקוי וכימיקלים,17.00,20.06,ILS,,,https://ymarket.co.il/products/cleaning/,2026-08-10
571,150 שקיות סנדוויץ HD (זוג),אריזות מזון ו-Take Away,8.00,9.44,ILS,,,https://ymarket.co.il/products/150-bags-hd/,2026-08-10
1020,גביע 1000 PP גבוה - א' 500 יח',אריזות מזון ו-Take Away,234.00,276.12,ILS,,,https://ymarket.co.il/products/1000-pp-500/,2026-08-10
598,גביע 150 (125 גר') - א' 2000,אריזות מזון ו-Take Away,185.00,218.30,ILS,,,https://ymarket.co.il/products/150-125-2000/,2026-08-10
616,גביע 150 PP - א' 2000 יח',אריזות מזון ו-Take Away,320.00,377.60,ILS,,,https://ymarket.co.il/products/pp-cup-clear-2000/,2026-08-10
617,גביע 250 PP - א' 2000 יח',אריזות מזון ו-Take Away,320.00,377.60,ILS,,,https://ymarket.co.il/products/pp-cup-clear-2000/,2026-08-10
618,גביע 270 PP - א' 1000 יח',אריזות מזון ו-Take Away,295.00,348.10,ILS,,,https://ymarket.co.il/products/270-pp-1000/,2026-08-10
619,גביע 500 PP גבוה - א' 1000 יח',אריזות מזון ו-Take Away,280.00,330.40,ILS,,,https://ymarket.co.il/products/500-pp-1000/,2026-08-10
337,"גביע לחמוצים 80 מ""ל אובלי שקוף - ארוז 1000 יח'",אריזות מזון ו-Take Away,100.00,118.00,ILS,,,https://ymarket.co.il/products/80-transparent-1000/,2026-08-10
623,"גביע קראפט חום 450 מ""ל ארוז 500 יח'",אריזות מזון ו-Take Away,230.00,271.40,ILS,,,https://ymarket.co.il/products/450-500/,2026-08-10
625,גביע רוטב מחובר 30 CC א' 1000 יח',אריזות מזון ו-Take Away,105.00,123.90,ILS,,,https://ymarket.co.il/products/sauce-cup-attached/,2026-08-10
624,גביע רוטב מחובר 50 CC א' 1000 יח',אריזות מזון ו-Take Away,120.00,141.60,ILS,,,https://ymarket.co.il/products/sauce-cup-attached/,2026-08-10
868,גביע רוטב מחובר 60 CC א' 1000 יח',אריזות מזון ו-Take Away,120.00,141.60,ILS,,,https://ymarket.co.il/products/sauce-cup-attached/,2026-08-10
327,גביע רוטוב 2OZ ארוז 2500 - שחור,אריזות מזון ו-Take Away,140.00,165.20,ILS,,,https://ymarket.co.il/products/sauce-cup-2oz-2500/,2026-08-10
732,"דפי הפרדה HD פרגפלסט עבה - 25*35 א' 1 ק""ג",אריזות מזון ו-Take Away,18.00,21.24,ILS,,מבצע (במקום 20.00 ₪),https://ymarket.co.il/products/ld-25-35-1/,2026-08-10
807,דפי הפרדה HD פרגפלסט עבה - 25*35 א' 800 גרם,אריזות מזון ו-Take Away,18.00,21.24,ILS,,,https://ymarket.co.il/products/ld-25-35/,2026-08-10
135,כוס 330 איכותית - 2000 יח',אריזות מזון ו-Take Away,190.00,224.20,ILS,,,https://ymarket.co.il/products/cup-330-2000/,2026-08-10
581,כוס 330 cc (ספלאש 97) א' 1000 יח',אריזות מזון ו-Take Away,180.00,212.40,ILS,,,https://ymarket.co.il/products/cup-330-cc-97-1000/,2026-08-10
301,כוס 500 מל,אריזות מזון ו-Take Away,350.00,413.00,ILS,,,https://ymarket.co.il/products/cup-500/,2026-08-10
582,כוס 500 cc (ספלאש 98) א' 1000 יח',אריזות מזון ו-Take Away,235.00,277.30,ILS,,,https://ymarket.co.il/products/cup-500-cc-98-1000/,2026-08-10
439,כוס חם 12 OZ - 1000 יח',אריזות מזון ו-Take Away,220.00,259.60,ILS,,,https://ymarket.co.il/products/cup-12-oz-1000/,2026-08-10
473,כוס חם 8 (לבן) OZ - 1000 יח',אריזות מזון ו-Take Away,120.00,141.60,ILS,,,https://ymarket.co.il/products/cup-8-white-oz-1000/,2026-08-10
590,כוס חם 9 OZ דגם לואי א' 1000 יח',אריזות מזון ו-Take Away,120.00,141.60,ILS,,,https://ymarket.co.il/products/cup-9-oz-1000/,2026-08-10
542,כוס חם 9 OZ לבן חלק א' 1000 יח',אריזות מזון ו-Take Away,120.00,141.60,ILS,,,https://ymarket.co.il/products/cup-9-oz-white-1000/,2026-08-10
157,כוס טוליפ 330 - ארוז 1000 כוסות בקרטון,אריזות מזון ו-Take Away,328.44,387.56,ILS,,,https://ymarket.co.il/products/cup-330-1000-cups-carton/,2026-08-10
560,"כוס יהלום 250 מ""ל - 40 יח'",אריזות מזון ו-Take Away,5.00,5.90,ILS,,,https://ymarket.co.il/products/cup-250-40/,2026-08-10
67,כוסות חד פעמי (100יח) Splash - 180cc - קרטון 3000 יח,אריזות מזון ו-Take Away,110.00,129.80,ILS,,,https://ymarket.co.il/products/cups-100-splash-180cc-carton-3000/,2026-08-10
96,כוסות חד פעמי חם 10 oz (50 יח) - WP - בקרטון 1000 יח',אריזות מזון ו-Take Away,170.00,200.60,ILS,,,https://ymarket.co.il/products/cups-10-oz-50-wp-carton-1000/,2026-08-10
549,כוסות חד פעמי חם 16 oz (1000 יח),אריזות מזון ו-Take Away,260.00,306.80,ILS,,,https://ymarket.co.il/products/cups-16-oz-1000/,2026-08-10
279,כוסות חד פעמי חם 4 oz (50 יח') - WP - בקרטון 2000 יח',אריזות מזון ו-Take Away,120.00,141.60,ILS,,,https://ymarket.co.il/products/cups-4-oz-50-wp-carton-2000/,2026-08-10
68,כוסות חד פעמי חם 8 oz (דניאל) - 1000 יח',אריזות מזון ו-Take Away,165.00,194.70,ILS,,,https://ymarket.co.il/products/cups-8-oz-1000/,2026-08-10
79,כוסות חד פעמי חם 8B oz (50 יח) - WP - בקרטון 1000 יח,אריזות מזון ו-Take Away,100.00,118.00,ILS,,,https://ymarket.co.il/products/cups-8b-oz-50-wp-carton-1000/,2026-08-10
125,לפתניה קלקר ארוז 1500 יח',אריזות מזון ו-Take Away,135.00,159.30,ILS,,,https://ymarket.co.il/products/cardboard-1500/,2026-08-10
591,מגש אלומיניום מלבני 8A א' 1000 יח',אריזות מזון ו-Take Away,0.96,1.13,ILS,,,https://ymarket.co.il/products/tray-aluminum-8a-1000/,2026-08-10
347,מגש אלומיניום מלבני tv {אופל},אריזות מזון ו-Take Away,0.50,0.59,ILS,,,https://ymarket.co.il/products/tray-aluminum-tv/,2026-08-10
127,מגש אלומיניום מרובע 5 (אופל),אריזות מזון ו-Take Away,0.45,0.53,ILS,,,https://ymarket.co.il/products/tray-aluminum-5/,2026-08-10
566,מגש אלומניום 105 (אופל),אריזות מזון ו-Take Away,0.95,1.12,ILS,,,https://ymarket.co.il/products/tray-105/,2026-08-10
986,מגש אלומניום 210 (אופל),אריזות מזון ו-Take Away,1.90,2.24,ILS,,,https://ymarket.co.il/products/tray-210/,2026-08-10
987,מגש אלומניום 90 (אופל),אריזות מזון ו-Take Away,0.92,1.09,ILS,,,https://ymarket.co.il/products/tray-90/,2026-08-10
568,מגש אלומניום אינגליש קייק ארוך,אריזות מזון ו-Take Away,0.50,0.59,ILS,,,https://ymarket.co.il/products/tray/,2026-08-10
569,מגש אלומניום אינגליש קייק קצר,אריזות מזון ו-Take Away,0.50,0.59,ILS,,,https://ymarket.co.il/products/tray-569/,2026-08-10
600,מגש אלומניום גדול ביתי R99 (אופל),אריזות מזון ו-Take Away,1.80,2.12,ILS,,,https://ymarket.co.il/products/tray-large-r99/,2026-08-10
985,מגש אלומניום גסטרונום,אריזות מזון ו-Take Away,5.00,5.90,ILS,,,https://ymarket.co.il/products/tray-985/,2026-08-10
129,מגש אלומניום מלבני 8B (אופל),אריזות מזון ו-Take Away,0.49,0.58,ILS,,,https://ymarket.co.il/products/tray-8b/,2026-08-10
1035,מגש אלומניום מפינס שישיה,אריזות מזון ו-Take Away,1.00,1.18,ILS,,,https://ymarket.co.il/products/tray-1035/,2026-08-10
593,מגש אלומניום עגול עמוק C10 קוטר 28 (אופל),אריזות מזון ו-Take Away,1.28,1.51,ILS,,,https://ymarket.co.il/products/tray-c10-28/,2026-08-10
592,מגש אלומניום עגול עמוק C60 (אופל),אריזות מזון ו-Take Away,1.72,2.03,ILS,,,https://ymarket.co.il/products/tray-c60/,2026-08-10
1034,מגש אלומניום עגול T12,אריזות מזון ו-Take Away,0.60,0.71,ILS,,,https://ymarket.co.il/products/tray-t12/,2026-08-10
132,מגש הדר 90 (פלסטו-ווק) ארוז 200 יח',אריזות מזון ו-Take Away,210.00,247.80,ILS,,,https://ymarket.co.il/products/tray-90-200/,2026-08-10
1080,מגש פלסטיק כחול (מחוזק) - כרעיים 500 יח',אריזות מזון ו-Take Away,250.00,295.00,ILS,,,https://ymarket.co.il/products/tray-plastic-reinforced-thighs-500/,2026-08-10
755,מגש פלסטיק לבן - קבב 675 יח',אריזות מזון ו-Take Away,312.38,368.61,ILS,,,https://ymarket.co.il/products/tray-plastic-white-675/,2026-08-10
891,מגש פלסטיק לבן - שניצל 1000 יח',אריזות מזון ו-Take Away,240.00,283.20,ILS,,,https://ymarket.co.il/products/tray-plastic-white-1000/,2026-08-10
887,מגש פלסטיק לבן (מחוזק) - כרעיים 480 יח',אריזות מזון ו-Take Away,260.00,306.80,ILS,,,https://ymarket.co.il/products/tray-plastic-white-480/,2026-08-10
756,מגש פלסטיק שחור - קבב מחזוק 750 יח',אריזות מזון ו-Take Away,346.66,409.06,ILS,,,https://ymarket.co.il/products/tray-plastic-black-750/,2026-08-10
890,מגש פלסטיק שחור - שניצל 600 יח',אריזות מזון ו-Take Away,240.00,283.20,ILS,,,https://ymarket.co.il/products/tray-plastic-black-600/,2026-08-10
754,מגש פלסטיק שחור (מחוזק) - כרעיים 500 יח',אריזות מזון ו-Take Away,260.00,306.80,ILS,,,https://ymarket.co.il/products/tray-plastic-reinforced-thighs-500/,2026-08-10
921,מגש פלסטיק שחור (מחוזק+) - צלעות סופג - 480 יח',אריזות מזון ו-Take Away,360.00,424.80,ILS,,,https://ymarket.co.il/products/tray-plastic-black-480/,2026-08-10
385,מגש קלקר אובלי א' 500 יח',אריזות מזון ו-Take Away,135.00,159.30,ILS,,,https://ymarket.co.il/products/tray-cardboard-500/,2026-08-10
714,מגש קלקר סופג - כבד 300 יח',אריזות מזון ו-Take Away,162.00,191.16,ILS,,,https://ymarket.co.il/products/tray-cardboard-300/,2026-08-10
893,מגש קלקר סופג אדום - כרעיים 500 יח',אריזות מזון ו-Take Away,290.00,342.20,ILS,,,https://ymarket.co.il/products/tray-foam-absorbent-thighs-500/,2026-08-10
895,מגש קלקר סופג אדום - צלעות 480 יח',אריזות מזון ו-Take Away,290.00,342.20,ILS,,,https://ymarket.co.il/products/tray-foam-absorbent-ribs-480/,2026-08-10
1076,מגש קלקר סופג אדום - שניצל 500 יח',אריזות מזון ו-Take Away,250.00,295.00,ILS,,,https://ymarket.co.il/products/tray-foam-absorbent-schnitzel-500/,2026-08-10
999,מגש קלקר סופג כחול - דגים צר 400 יח',אריזות מזון ו-Take Away,247.00,291.46,ILS,,,https://ymarket.co.il/products/tray-foam-absorbent-fish-400/,2026-08-10
894,מגש קלקר סופג כחול - כרעיים 500 יח',אריזות מזון ו-Take Away,290.00,342.20,ILS,,,https://ymarket.co.il/products/tray-foam-absorbent-thighs-500/,2026-08-10
1011,מגש קלקר סופג כחול - כרעיים 600 יח',אריזות מזון ו-Take Away,288.00,339.84,ILS,,,https://ymarket.co.il/products/tray-foam-absorbent-thighs-600/,2026-08-10
896,מגש קלקר סופג כחול - צלעות 480 יח',אריזות מזון ו-Take Away,290.00,342.20,ILS,,,https://ymarket.co.il/products/tray-foam-absorbent-ribs-480/,2026-08-10
898,מגש קלקר סופג לבן - כרעיים 500 יח',אריזות מזון ו-Take Away,290.00,342.20,ILS,,,https://ymarket.co.il/products/tray-foam-absorbent-thighs-500/,2026-08-10
1012,מגש קלקר סופג לבן - כרעיים 600 יח',אריזות מזון ו-Take Away,288.00,339.84,ILS,,,https://ymarket.co.il/products/tray-foam-absorbent-thighs-600/,2026-08-10
897,מגש קלקר סופג לבן - צלעות 480 יח',אריזות מזון ו-Take Away,290.00,342.20,ILS,,,https://ymarket.co.il/products/tray-foam-absorbent-ribs-480/,2026-08-10
977,מגש קלקר סופג לבן - קבב 300 יח',אריזות מזון ו-Take Away,185.00,218.30,ILS,,,https://ymarket.co.il/products/tray-foam-absorbent-kebab-300/,2026-08-10
704,מגש קלקר סופג לבן - שניצל 500 יח',אריזות מזון ו-Take Away,200.00,236.00,ILS,,,https://ymarket.co.il/products/tray-foam-absorbent-schnitzel-500/,2026-08-10
923,מגש קלקר סופג צהוב - כרעיים 500 יח',אריזות מזון ו-Take Away,290.00,342.20,ILS,,,https://ymarket.co.il/products/tray-foam-absorbent-thighs-500/,2026-08-10
925,מגש קלקר סופג צהוב - צלעות 480 יח',אריזות מזון ו-Take Away,360.00,424.80,ILS,,,https://ymarket.co.il/products/tray-foam-absorbent-ribs-480/,2026-08-10
924,מגש קלקר סופג צהוב - שניצל 500 יח',אריזות מזון ו-Take Away,200.00,236.00,ILS,,,https://ymarket.co.il/products/tray-foam-absorbent-schnitzel-500/,2026-08-10
1000,מגש קלקר סופג שחור - דגים צר 400 יח',אריזות מזון ו-Take Away,247.00,291.46,ILS,,,https://ymarket.co.il/products/tray-foam-absorbent-fish-400/,2026-08-10
705,מגש קלקר סופג שחור - כרעיים 500 יח',אריזות מזון ו-Take Away,290.00,342.20,ILS,,,https://ymarket.co.il/products/tray-foam-absorbent-thighs-500/,2026-08-10
1075,מגש קלקר סופג שחור - כרעיים 600 יח',אריזות מזון ו-Take Away,290.00,342.20,ILS,,,https://ymarket.co.il/products/tray-foam-absorbent-thighs-600/,2026-08-10
706,מגש קלקר סופג שחור - צלעות 480 יח',אריזות מזון ו-Take Away,290.00,342.20,ILS,,,https://ymarket.co.il/products/tray-foam-absorbent-ribs-480/,2026-08-10
707,מגש קלקר סופג שחור - קבב 300 יח',אריזות מזון ו-Take Away,185.00,218.30,ILS,,,https://ymarket.co.il/products/tray-foam-absorbent-kebab-300/,2026-08-10
889,מגש קלקר סופג שחור - שניצל 500 יח',אריזות מזון ו-Take Away,200.00,236.00,ILS,,,https://ymarket.co.il/products/tray-foam-absorbent-schnitzel-500/,2026-08-10
757,מגש קלקר רגיל אדום - כרעיים 600 יח',אריזות מזון ו-Take Away,198.00,233.64,ILS,,,https://ymarket.co.il/products/tray-foam-regular-thighs-600/,2026-08-10
759,מגש קלקר רגיל אדום - צלעות 480 יח',אריזות מזון ו-Take Away,211.00,248.98,ILS,,,https://ymarket.co.il/products/tray-foam-regular-ribs-480/,2026-08-10
712,מגש קלקר רגיל אדום - קבב 300 יח',אריזות מזון ו-Take Away,145.00,171.10,ILS,,,https://ymarket.co.il/products/tray-foam-regular-kebab-300/,2026-08-10
980,מגש קלקר רגיל אדום - שניצל 500 יח',אריזות מזון ו-Take Away,120.00,141.60,ILS,,,https://ymarket.co.il/products/tray-foam-regular-schnitzel-500/,2026-08-10
1013,מגש קלקר רגיל כחול - דגים רחב 580 יח',אריזות מזון ו-Take Away,320.00,377.60,ILS,,,https://ymarket.co.il/products/tray-cardboard-blue-580/,2026-08-10
998,מגש קלקר רגיל כחול - צלעות 480 יח',אריזות מזון ו-Take Away,211.00,248.98,ILS,,,https://ymarket.co.il/products/tray-foam-regular-ribs-480/,2026-08-10
918,מגש קלקר רגיל לבן - כרעיים 600 יח',אריזות מזון ו-Take Away,240.00,283.20,ILS,,,https://ymarket.co.il/products/tray-foam-regular-thighs-600/,2026-08-10
997,מגש קלקר רגיל לבן - צלעות 480 יח',אריזות מזון ו-Take Away,211.00,248.98,ILS,,,https://ymarket.co.il/products/tray-foam-regular-ribs-480/,2026-08-10
979,מגש קלקר רגיל לבן - קבב 300 יח',אריזות מזון ו-Take Away,145.00,171.10,ILS,,,https://ymarket.co.il/products/tray-foam-regular-kebab-300/,2026-08-10
1010,מגש קלקר רגיל לבן - קבב עמוק 700 יח',אריזות מזון ו-Take Away,320.00,377.60,ILS,,,https://ymarket.co.il/products/tray-cardboard-white-700/,2026-08-10
758,מגש קלקר רגיל לבן - שניצל 500 יח',אריזות מזון ו-Take Away,120.00,141.60,ILS,,,https://ymarket.co.il/products/tray-foam-regular-schnitzel-500/,2026-08-10
40105,מגש קלקר רגיל צהוב - כרעיים 600 יח',אריזות מזון ו-Take Away,236.00,278.48,ILS,,,https://ymarket.co.il/products/tray-foam-regular-thighs-600/,2026-08-10
968,מגש קלקר רגיל צהוב - צלעות 480 יח',אריזות מזון ו-Take Away,211.00,248.98,ILS,,,https://ymarket.co.il/products/tray-foam-regular-ribs-480/,2026-08-10
888,מגש קלקר רגיל צהוב - קבב 300 יח',אריזות מזון ו-Take Away,145.00,171.10,ILS,,,https://ymarket.co.il/products/tray-foam-regular-kebab-300/,2026-08-10
710,מגש קלקר רגיל שחור - כרעיים 600 יח',אריזות מזון ו-Take Away,236.00,278.48,ILS,,,https://ymarket.co.il/products/tray-foam-regular-thighs-600/,2026-08-10
713,מגש קלקר רגיל שחור - צלעות 480 יח',אריזות מזון ו-Take Away,211.00,248.98,ILS,,,https://ymarket.co.il/products/tray-foam-regular-ribs-480/,2026-08-10
978,מגש קלקר רגיל שחור - קבב 300 יח',אריזות מזון ו-Take Away,145.00,171.10,ILS,,,https://ymarket.co.il/products/tray-foam-regular-kebab-300/,2026-08-10
1077,מגש קלקר רגיל שחור - קבב עמוק 600 יח',אריזות מזון ו-Take Away,278.00,328.04,ILS,,,https://ymarket.co.il/products/tray-cardboard-black-600-1077/,2026-08-10
711,מגש קלקר רגיל שחור - שניצל 500 יח',אריזות מזון ו-Take Away,120.00,141.60,ILS,,,https://ymarket.co.il/products/tray-foam-regular-schnitzel-500/,2026-08-10
131,מגש שקד 60 ארוז 400 יח',אריזות מזון ו-Take Away,147.93,174.56,ILS,,,https://ymarket.co.il/products/tray-60-400/,2026-08-10
773,מיכל 1 ליטר (שחור) + מכסה,אריזות מזון ו-Take Away,2.00,2.36,ILS,,,https://ymarket.co.il/products/1-black/,2026-08-10
235,מיכל 1 ליטר + מכסה,אריזות מזון ו-Take Away,1.40,1.65,ILS,,,https://ymarket.co.il/products/liter-container-lid/,2026-08-10
236,מיכל 2 ליטר + מכסה,אריזות מזון ו-Take Away,1.90,2.24,ILS,,,https://ymarket.co.il/products/liter-container-lid/,2026-08-10
982,מיכל 2.5 ליטר + מכסה,אריזות מזון ו-Take Away,3.15,3.72,ILS,,,https://ymarket.co.il/products/liter-container-lid/,2026-08-10
237,מיכל 3 ליטר + מכסה,אריזות מזון ו-Take Away,2.20,2.60,ILS,,,https://ymarket.co.il/products/liter-container-lid/,2026-08-10
238,מיכל 4.5 ליטר + מכסה,אריזות מזון ו-Take Away,3.15,3.72,ILS,,,https://ymarket.co.il/products/liter-container-lid/,2026-08-10
870,מיכל אינטגרלי מגדנית (הדר 40) - 450 יח',אריזות מזון ו-Take Away,218.00,257.24,ILS,,,https://ymarket.co.il/products/40-360/,2026-08-10
731,מיכל אינטגרלי מהודר (הדר 70) - 160 יח',אריזות מזון ו-Take Away,295.00,348.10,ILS,,,https://ymarket.co.il/products/hadar-container/,2026-08-10
869,מיכל אינטגרלי מהודר (הדר 90) - 150 יח',אריזות מזון ו-Take Away,355.00,418.90,ILS,,,https://ymarket.co.il/products/hadar-container/,2026-08-10
697,מיכל אינטגרלי מרובע 45 - א' 300 בקרטון,אריזות מזון ו-Take Away,260.00,306.80,ILS,,,https://ymarket.co.il/products/45-200-carton/,2026-08-10
602,"מיכל לסלט (ס.ל.ר) 1000 מ""ל - 200 יח'",אריזות מזון ו-Take Away,125.00,147.50,ILS,,,https://ymarket.co.il/products/1000-200/,2026-08-10
877,"מיכל לסלט (ס.ל.ר) 250 מ""ל - 900 יח'",אריזות מזון ו-Take Away,240.00,283.20,ILS,,,https://ymarket.co.il/products/250-900/,2026-08-10
875,"מיכל לסלט (ס.ל.ר) 750 מ""ל - 300 יח'",אריזות מזון ו-Take Away,155.00,182.90,ILS,,,https://ymarket.co.il/products/750-300/,2026-08-10
580,מיקרו בר 20cc - א' 2000 יח',אריזות מזון ו-Take Away,90.00,106.20,ILS,,,https://ymarket.co.il/products/20cc-2000/,2026-08-10
538,מיקרו בר 30cc - א' 2000 יח',אריזות מזון ו-Take Away,120.00,141.60,ILS,,,https://ymarket.co.il/products/30cc-2000/,2026-08-10
620,"מכסה 101 (מתאים 150, 250, 500 גבוה) - א' 2000 יח'",אריזות מזון ו-Take Away,180.00,212.40,ILS,,,https://ymarket.co.il/products/101-150-250-500-2000/,2026-08-10
621,"מכסה 117 (מתאים 270, 500, 1000) - א' 1000 יח'",אריזות מזון ו-Take Away,180.00,212.40,ILS,,,https://ymarket.co.il/products/117-270-500-1000-1000/,2026-08-10
158,מכסה כיפה 85 עם חור - 2000 יח',אריזות מזון ו-Take Away,260.00,306.80,ILS,,,https://ymarket.co.il/products/85-with-2000/,2026-08-10
583,מכסה כיפה לכוס 95 א' 1000 יח',אריזות מזון ו-Take Away,135.00,159.30,ILS,,,https://ymarket.co.il/products/cup-95-1000/,2026-08-10
1094,מכסה כיפה לכוס טוליפ 330 - א' 1000 יח',אריזות מזון ו-Take Away,166.60,196.59,ILS,,,https://ymarket.co.il/products/cup-330-1000/,2026-08-10
328,מכסה לגביע רוטב 1-2OZ ארוז 2500 יח,אריזות מזון ו-Take Away,120.00,141.60,ILS,,,https://ymarket.co.il/products/1-2oz-2500/,2026-08-10
734,מכסה לכוס 10 OZ - א' 1000 יח',אריזות מזון ו-Take Away,160.00,188.80,ILS,,,https://ymarket.co.il/products/cup-10-oz-1000/,2026-08-10
128,מכסה למגש אלומניום 5 ארוז 100 יח',אריזות מזון ו-Take Away,10.00,11.80,ILS,,,https://ymarket.co.il/products/tray-5-100/,2026-08-10
130,מכסה למגש אלומניום 8B/TV ארוז 100 יח',אריזות מזון ו-Take Away,11.00,12.98,ILS,,,https://ymarket.co.il/products/tray-8b-tv-100/,2026-08-10
645,"מכסה לקראפט - 1100 מ""ל",אריזות מזון ו-Take Away,0.43,0.51,ILS,,,https://ymarket.co.il/products/kraft-lid/,2026-08-10
640,"מכסה לקראפט - 1300 מ""ל",אריזות מזון ו-Take Away,0.43,0.51,ILS,,,https://ymarket.co.il/products/kraft-lid/,2026-08-10
905,"מכסה לקראפט - 1300 מ""ל",אריזות מזון ו-Take Away,0.76,0.90,ILS,,,https://ymarket.co.il/products/1300-905/,2026-08-10
642,"מכסה לקראפט - 500 מ""ל",אריזות מזון ו-Take Away,0.33,0.39,ILS,,,https://ymarket.co.il/products/kraft-lid/,2026-08-10
641,"מכסה לקראפט - 750 מ""ל",אריזות מזון ו-Take Away,0.33,0.39,ILS,,,https://ymarket.co.il/products/kraft-lid/,2026-08-10
938,מכסה שחור לכוס 8 OZ - א' 1000 יח',אריזות מזון ו-Take Away,155.00,182.90,ILS,,,https://ymarket.co.il/products/black-cup-8-oz-1000/,2026-08-10
585,מכסה שטוח שחור לכוס 95 א' 1000 יח',אריזות מזון ו-Take Away,150.00,177.00,ILS,,,https://ymarket.co.il/products/flat-lid-cup-95/,2026-08-10
584,מכסה שטוח שקוף לכוס 95 א' 1000 יח',אריזות מזון ו-Take Away,145.00,171.10,ILS,,,https://ymarket.co.il/products/flat-lid-cup-95/,2026-08-10
589,מנשא 2 כוסות עם ידית לבן א' 250 יח',אריזות מזון ו-Take Away,165.00,194.70,ILS,,,https://ymarket.co.il/products/2-cups-with-white-250/,2026-08-10
370,נייר אפיה (50 יח'),אריזות מזון ו-Take Away,10.00,11.80,ILS,,,https://ymarket.co.il/products/paper-50/,2026-08-10
312,נייר אפיה 40/60 ארוז 1/1000,אריזות מזון ו-Take Away,265.14,312.87,ILS,,,https://ymarket.co.il/products/baking-paper-sheets/,2026-08-10
966,נייר אפיה 50/70 ארוז 1/1000,אריזות מזון ו-Take Away,345.00,407.10,ILS,,,https://ymarket.co.il/products/baking-paper-sheets/,2026-08-10
282,נייר פלסמס רגיל ארוז 1000 יח',אריזות מזון ו-Take Away,60.00,70.80,ILS,,,https://ymarket.co.il/products/paper-1000/,2026-08-10
386,"נייר פרגמנט חלק 45*35 ארוז 4 ק""ג",אריזות מזון ו-Take Away,90.00,106.20,ILS,,,https://ymarket.co.il/products/paper-45-35-4/,2026-08-10
939,"נייר פרגמנט מודפס חום 45*35 ארוז 4 ק""ג",אריזות מזון ו-Take Away,107.00,126.26,ILS,,,https://ymarket.co.il/products/parchment-paper-printed-45-35/,2026-08-10
940,"נייר פרגמנט מודפס לבן 45*35 ארוז 4 ק""ג",אריזות מזון ו-Take Away,107.00,126.26,ILS,,,https://ymarket.co.il/products/parchment-paper-printed-45-35/,2026-08-10
378,נייר פרגמנט צץ רץ - 1000 יח',אריזות מזון ו-Take Away,60.00,70.80,ILS,,,https://ymarket.co.il/products/paper-1000-378/,2026-08-10
1004,"נייר פרפין - 10 ק""ג",אריזות מזון ו-Take Away,240.00,283.20,ILS,,,https://ymarket.co.il/products/paper-10/,2026-08-10
251,נילון כיסוי מזון - fresh cover (30 יח'),אריזות מזון ו-Take Away,8.00,9.44,ILS,,,https://ymarket.co.il/products/fresh-cover-30/,2026-08-10
547,נילון נצמד (אופל-פירות) 45/1300,אריזות מזון ו-Take Away,35.00,41.30,ILS,,,https://ymarket.co.il/products/cling-45-1300/,2026-08-10
196,"נילון נצמד 150 מ' 30 ס""מ",אריזות מזון ו-Take Away,15.00,17.70,ILS,,,https://ymarket.co.il/products/cling-150-30/,2026-08-10
708,"נילון נצמד מכונה - 6 ק""ג",אריזות מזון ו-Take Away,75.00,88.50,ILS,,,https://ymarket.co.il/products/cling-6/,2026-08-10
348,"סט קערה שחורה + מכסה 500 מ""ל א' 280 יחידות",אריזות מזון ו-Take Away,320.00,377.60,ILS,,,https://ymarket.co.il/products/black-500-280-units/,2026-08-10
703,פלייסמנט 35*25 לבן חלק,אריזות מזון ו-Take Away,85.00,100.30,ILS,,,https://ymarket.co.il/products/35-25-white/,2026-08-10
899,"צלופן להפרדה 40*30 5 ק""ג",אריזות מזון ו-Take Away,149.00,175.82,ILS,,,https://ymarket.co.il/products/40-30-5/,2026-08-10
1082,צלחת קלקר עגול 500 יח',אריזות מזון ו-Take Away,240.00,283.20,ILS,,,https://ymarket.co.il/products/plate-cardboard-500/,2026-08-10
871,קופסא המבורגר BIO 4 חום א' 300 יח',אריזות מזון ו-Take Away,276.00,325.68,ILS,,,https://ymarket.co.il/products/bio-4-300/,2026-08-10
281,קופסא BIO 1/2 צ'יפס לבן א' 800,אריזות מזון ו-Take Away,440.00,519.20,ILS,,,https://ymarket.co.il/products/bio-1-2-white-800/,2026-08-10
280,קופסא BIO 2 חום א' 200 יח',אריזות מזון ו-Take Away,165.00,194.70,ILS,,,https://ymarket.co.il/products/bio-2-200/,2026-08-10
835,קיסם במעטפה שחורה - 500 יח',אריזות מזון ו-Take Away,25.00,29.50,ILS,,,https://ymarket.co.il/products/toothpick-pen-black-500/,2026-08-10
168,קיסמי שניים בעטיפת נייר אישית (1000 יח'),אריזות מזון ו-Take Away,8.00,9.44,ILS,,,https://ymarket.co.il/products/pen-paper-1000/,2026-08-10
786,קלקר לאנצ בוקס לבן - לא מחולק,אריזות מזון ו-Take Away,0.60,0.71,ILS,,,https://ymarket.co.il/products/cardboard-white/,2026-08-10
295,"קערת קרטון קראפט - 1300 מ""ל",אריזות מזון ו-Take Away,2.60,3.07,ILS,,,https://ymarket.co.il/products/kraft-bowl/,2026-08-10
874,"קערת קרטון קראפט - 1500 מ""ל",אריזות מזון ו-Take Away,0.52,0.61,ILS,,,https://ymarket.co.il/products/kraft-bowl/,2026-08-10
578,"קערת קרטון קראפט - 500 מ""ל",אריזות מזון ו-Take Away,0.55,0.65,ILS,,,https://ymarket.co.il/products/kraft-bowl/,2026-08-10
579,"קערת קרטון קראפט - 750 מ""ל",אריזות מזון ו-Take Away,0.65,0.77,ILS,,,https://ymarket.co.il/products/kraft-bowl/,2026-08-10
916,קרטון BIO 3 - חום א' 200 יח',אריזות מזון ו-Take Away,197.00,232.46,ILS,,,https://ymarket.co.il/products/carton-bio-3-200/,2026-08-10
134,קרטון BIO 3 - לבן א' 300 יח',אריזות מזון ו-Take Away,240.00,283.20,ILS,,,https://ymarket.co.il/products/carton-bio-3-white-300/,2026-08-10
261,קש ארומה 0.8 - 400 יח',אריזות מזון ו-Take Away,10.00,11.80,ILS,,,https://ymarket.co.il/products/straw-0-8-400/,2026-08-10
318,קש ארומה 0.8 שחור - 250 יח,אריזות מזון ו-Take Away,8.00,9.44,ILS,,,https://ymarket.co.il/products/straw-0-8-black-250/,2026-08-10
777,"רדיד אלומיניום {אופל} 30/50 ס""מ 16 מקרון",אריזות מזון ו-Take Away,45.00,53.10,ILS,,,https://ymarket.co.il/products/aluminum-30-50-16/,2026-08-10
311,"רדיד אלומיניום 45/50 ס""מ 16 מקרון",אריזות מזון ו-Take Away,45.00,53.10,ILS,,,https://ymarket.co.il/products/aluminum-45-50-16/,2026-08-10
1009,"רדיד אלומיניום 45/50 ס""מ 18 מקרון",אריזות מזון ו-Take Away,60.00,70.80,ILS,,,https://ymarket.co.il/products/aluminum-45-50-18/,2026-08-10
900,"שיפוד שטוח 24 ס""מ גב ירוק - 50 יח'",אריזות מזון ו-Take Away,6.00,7.08,ILS,,,https://ymarket.co.il/products/24-green-50/,2026-08-10
234,שקיות הקפאה רב שימושיות 35*25 - 200 יח',אריזות מזון ו-Take Away,10.00,11.80,ILS,,,https://ymarket.co.il/products/bags-35-25-200/,2026-08-10
791,"שקיות לארגזים HD - א' 20 ק""ג",אריזות מזון ו-Take Away,320.00,377.60,ILS,,,https://ymarket.co.il/products/bags-hd-20/,2026-08-10
597,שקיות נייר מס' 14 חום - א' 1000 יח',אריזות מזון ו-Take Away,175.00,206.50,ILS,,,https://ymarket.co.il/products/bags-paper-14-1000/,2026-08-10
622,שקיות נייר מס' 8 חום - א' 2500 יח',אריזות מזון ו-Take Away,270.00,318.60,ILS,,,https://ymarket.co.il/products/bags-paper-8-2500/,2026-08-10
596,שקיות פלפל (פיתה) חום גדול א' 1000 יח',אריזות מזון ו-Take Away,95.00,112.10,ILS,,,https://ymarket.co.il/products/bags-tea-large-1000/,2026-08-10
415,שקיות פלפל חום קטן א' 1000 יח',אריזות מזון ו-Take Away,60.00,70.80,ILS,,,https://ymarket.co.il/products/bags-small-1000/,2026-08-10
548,"שקיות שקילה נילון 25*18 ל - 1 ק""ג",אריזות מזון ו-Take Away,15.00,17.70,ILS,,,https://ymarket.co.il/products/weighing-bags-1kg/,2026-08-10
338,שקית דליה חומה 28/29/17 - 500 יח',אריזות מזון ו-Take Away,240.00,283.20,ILS,,,https://ymarket.co.il/products/bag-bucket-28-29-17-500/,2026-08-10
743,שקית דליה חומה 32/38/17 - 250 יח',אריזות מזון ו-Take Away,300.00,354.00,ILS,,,https://ymarket.co.il/products/bag-bucket-32-38-17-250/,2026-08-10
1002,שקית וואקום שקופה 20/40/70 - 2000 יח,אריזות מזון ו-Take Away,0.75,0.89,ILS,,,https://ymarket.co.il/products/bag-20-40-70-2000/,2026-08-10
390,שקית נייר 1/2 בגט חום 1000 יח',אריזות מזון ו-Take Away,70.00,82.60,ILS,,,https://ymarket.co.il/products/bag-paper-1-2-1000/,2026-08-10
550,שקית פיתה טוסט בתאבון (חום) R-7 א' 1000 יח',אריזות מזון ו-Take Away,75.00,88.50,ILS,,,https://ymarket.co.il/products/bag-tea-r-7-1000/,2026-08-10
387,שקית צ'יפס נייר ציפוי אלומנים - 4000 יח',אריזות מזון ו-Take Away,340.00,401.20,ILS,,,https://ymarket.co.il/products/bag-paper-4000/,2026-08-10
166,10 מטליות רב שימושי Classic צבעוני,"טקסטיל, מטליות וסחבות",7.00,8.26,ILS,,,https://ymarket.co.il/products/10-cloths-classic/,2026-08-10
183,12 ממרקות ברזל 30 גר',"טקסטיל, מטליות וסחבות",14.00,16.52,ILS,,,https://ymarket.co.il/products/12-30/,2026-08-10
380,"2 מטליות מיקרופייבר ג'מבו לרצפה 60*90 ס""מ","טקסטיל, מטליות וסחבות",15.00,17.70,ILS,,,https://ymarket.co.il/products/2-cloths-microfiber-floor-60-90/,2026-08-10
836,2 מטליות מיקרופייבר לרצפה LINK!,"טקסטיל, מטליות וסחבות",19.00,22.42,ILS,,,https://ymarket.co.il/products/2-cloths-microfiber-floor-link/,2026-08-10
837,3 מטליות מיקרופייבר למשטחים LINK!,"טקסטיל, מטליות וסחבות",12.00,14.16,ILS,,,https://ymarket.co.il/products/3-cloths-microfiber-surfaces-link/,2026-08-10
181,3 סחבות לרצפה - Shiny,"טקסטיל, מטליות וסחבות",6.50,7.67,ILS,,,https://ymarket.co.il/products/3-floor-shiny/,2026-08-10
182,4 כריות מתכת - Shiny,"טקסטיל, מטליות וסחבות",8.00,9.44,ILS,,,https://ymarket.co.il/products/4-shiny/,2026-08-10
252,4 סרטי רקצוף לניקוי יסודי,"טקסטיל, מטליות וסחבות",12.00,14.16,ILS,,,https://ymarket.co.il/products/4-cleaning/,2026-08-10
167,6 כריות יפניות יפניות צבעוני - Sshiny,"טקסטיל, מטליות וסחבות",7.00,8.26,ILS,,,https://ymarket.co.il/products/6-sshiny/,2026-08-10
184,6 ספוגי הפלא - Shiny,"טקסטיל, מטליות וסחבות",6.50,7.67,ILS,,,https://ymarket.co.il/products/6-sponge-shiny/,2026-08-10
1048,גליל מטליות מיקרו פייבר 30 יח,"טקסטיל, מטליות וסחבות",24.00,28.32,ILS,,,https://ymarket.co.il/products/roll-cloths-30/,2026-08-10
180,גליל מטליות צהוב 40 יח - Shiny,"טקסטיל, מטליות וסחבות",17.00,20.06,ILS,,,https://ymarket.co.il/products/roll-cloths-yellow-40-shiny/,2026-08-10
1107,המטלית הסופגת (מלכת הניקיון) - 90 דף,"טקסטיל, מטליות וסחבות",18.00,21.24,ILS,,,https://ymarket.co.il/products/cloth-cleaning-90/,2026-08-10
683,וילדה סחבת רצפה גדולה 3 יח',"טקסטיל, מטליות וסחבות",25.00,29.50,ILS,,,https://ymarket.co.il/products/floor-large-3/,2026-08-10
646,כריות יפניות פנינה - Shiny,"טקסטיל, מטליות וסחבות",9.00,10.62,ILS,,,https://ymarket.co.il/products/shiny/,2026-08-10
1106,מטליות אקולוגיות רב תכלתיות - 800 גרם,"טקסטיל, מטליות וסחבות",20.00,23.60,ILS,,,https://ymarket.co.il/products/cloths-light-blue-800/,2026-08-10
1104,מטליות לבן GreenteX-70 KCI 21*42 - א' 100 יח',"טקסטיל, מטליות וסחבות",50.00,59.00,ILS,,,https://ymarket.co.il/products/cloths-white-greentex-70-kci-21-42-100/,2026-08-10
141,מטליות מיקרו-פייבר למשטחים (Focus) - א' 5 יח',"טקסטיל, מטליות וסחבות",6.00,7.08,ILS,,,https://ymarket.co.il/products/cloths-surfaces-focus-5/,2026-08-10
139,מטליות מיקרו-פייבר לרצפה (Focus) - א' 3 יח',"טקסטיל, מטליות וסחבות",12.00,14.16,ILS,,,https://ymarket.co.il/products/cloths-floor-focus-3/,2026-08-10
198,מטליות מיקרופייבר לרצפה בתפזורת 12 יח,"טקסטיל, מטליות וסחבות",45.00,53.10,ILS,12,,https://ymarket.co.il/products/cloths-microfiber-floor-12/,2026-08-10
233,מטליות מיקרופייבר לרצפה בתפזורת 12 יח - Shainy,"טקסטיל, מטליות וסחבות",65.00,76.70,ILS,,,https://ymarket.co.il/products/cloths-microfiber-floor-12-shainy/,2026-08-10
148,מטליות רצפה (Delux) ריחני בדלי - 50 יח',"טקסטיל, מטליות וסחבות",25.00,29.50,ILS,,,https://ymarket.co.il/products/cloths-floor-delux-scented-bucket-50/,2026-08-10
201,"מיקרו כלל תפזורת מגוון צבעים 30*30 ס""מ","טקסטיל, מטליות וסחבות",1.20,1.42,ILS,מארז,,https://ymarket.co.il/products/30-30/,2026-08-10
1108,סחבות רצפה 70X 53*70 - א' 100 יח',"טקסטיל, מטליות וסחבות",100.00,118.00,ILS,,,https://ymarket.co.il/products/floor-70x-53-70-100/,2026-08-10
138,"סרט קירצוף לניקוי יסודי 70 ס""מ (Shiny)","טקסטיל, מטליות וסחבות",2.20,2.60,ILS,,,https://ymarket.co.il/products/cleaning-70-shiny/,2026-08-10
54,50 להבונים לשבתות וחגים (נרות חימום),חד פעמי ואירוח,10.00,11.80,ILS,,,https://ymarket.co.il/products/50-candle/,2026-08-10
634,6 מפות שולחן מנילון שקוף לאירוח 1.35*300,חד פעמי ואירוח,8.00,9.44,ILS,,,https://ymarket.co.il/products/6-tablecloths-table-transparent-1-35-300/,2026-08-10
303,בוחשן קפה פלסטיק - 1000 יח',חד פעמי ואירוח,25.00,29.50,ILS,,,https://ymarket.co.il/products/coffee-plastic-1000/,2026-08-10
323,בוחשנים מעץ (1000 יח),חד פעמי ואירוח,25.00,29.50,ILS,,,https://ymarket.co.il/products/1000/,2026-08-10
350,גליל מפה 25 מטר כחול שמיים,חד פעמי ואירוח,25.00,29.50,ILS,,,https://ymarket.co.il/products/roll-25-blue/,2026-08-10
351,גליל מפה 25 מטר לבן,חד פעמי ואירוח,25.00,29.50,ILS,,,https://ymarket.co.il/products/roll-25-white/,2026-08-10
577,כף ארוז 100,חד פעמי ואירוח,5.00,5.90,ILS,,,https://ymarket.co.il/products/spoon-100/,2026-08-10
1039,כף קרם ארוז 50 יח' בחבילה,חד פעמי ואירוח,7.00,8.26,ILS,,,https://ymarket.co.il/products/spoon-50-pack-1039/,2026-08-10
1036,כף שחורה ארוז 50 יח' בחבילה,חד פעמי ואירוח,7.00,8.26,ILS,,,https://ymarket.co.il/products/spoon-black-50-pack/,2026-08-10
220,כף שקופה ארוז 50 יח' בחבילה,חד פעמי ואירוח,5.00,5.90,ILS,,,https://ymarket.co.il/products/spoon-50-pack/,2026-08-10
1003,כפית קרם - ארוז 50 יח' בחבילה,חד פעמי ואירוח,4.00,4.72,ILS,,,https://ymarket.co.il/products/50-pack-1003/,2026-08-10
217,כפית שקופה - ארוז 50 יח' בחבילה,חד פעמי ואירוח,4.00,4.72,ILS,,,https://ymarket.co.il/products/50-pack/,2026-08-10
907,לפתניה P.P. (לבן) חוויה ארוז 100 יח',חד פעמי ואירוח,8.00,9.44,ILS,,,https://ymarket.co.il/products/p-p-white-100/,2026-08-10
914,לפתניה P.P. (שקוף) חוויה ארוז 25 יח',חד פעמי ואירוח,3.00,3.54,ILS,,,https://ymarket.co.il/products/p-p-transparent-25-914/,2026-08-10
319,מגבון אישי חלק (לבן) 1000 יחידות,חד פעמי ואירוח,90.00,106.20,ILS,,,https://ymarket.co.il/products/personal-wipes-smooth-1000/,2026-08-10
917,מגבון אישי חלק (שחור) 1000 יחידות,חד פעמי ואירוח,90.00,106.20,ILS,,,https://ymarket.co.il/products/personal-wipes-smooth-1000/,2026-08-10
922,מגש אובלי עמוק P.P. (לבן) חוויה ארוז 20 יח',חד פעמי ואירוח,9.00,10.62,ILS,,,https://ymarket.co.il/products/tray-p-p-white-20/,2026-08-10
373,מזלג ארוז 100,חד פעמי ואירוח,5.00,5.90,ILS,,,https://ymarket.co.il/products/fork-100/,2026-08-10
1038,מזלג קרם ארוז 50 יח' בחבילה,חד פעמי ואירוח,6.00,7.08,ILS,,,https://ymarket.co.il/products/fork-50-pack/,2026-08-10
1037,מזלג שחור ארוז 50 יח' בחבילה,חד פעמי ואירוח,6.00,7.08,ILS,,,https://ymarket.co.il/products/fork-50-pack/,2026-08-10
218,מזלג שקוף ארוז 50 יח' בחבילה,חד פעמי ואירוח,5.00,5.90,ILS,,,https://ymarket.co.il/products/fork-50-pack/,2026-08-10
284,מפיות 1/8 23*33 ארוז 2400 יח',חד פעמי ואירוח,150.00,177.00,ILS,,,https://ymarket.co.il/products/napkins-1-8-2400/,2026-08-10
368,מפיות 1/8 33*33 ארוז 2400 יח',חד פעמי ואירוח,110.00,129.80,ILS,,,https://ymarket.co.il/products/napkins-1-8-2400/,2026-08-10
1105,מפיות בד אירלד 1/8 40*40 ארוז 700 יח',חד פעמי ואירוח,295.00,348.10,ILS,,,https://ymarket.co.il/products/napkins-1-8-40-40-700/,2026-08-10
919,"מפת גליל נילון 45*135 - 1.3 ק""ג",חד פעמי ואירוח,32.00,37.76,ILS,,,https://ymarket.co.il/products/tablecloth-roll-45-135-1-3/,2026-08-10
436,מפת שולחן מהודרת 120*180,חד פעמי ואירוח,5.00,5.90,ILS,,,https://ymarket.co.il/products/tablecloth-table-120-180/,2026-08-10
447,מפת שולחן נילון לאירוח - 8 יח',חד פעמי ואירוח,7.00,8.26,ILS,,,https://ymarket.co.il/products/tablecloth-table-8/,2026-08-10
909,מרקיה P.P. (לבן) חוויה ארוז 100 יח',חד פעמי ואירוח,13.00,15.34,ILS,,,https://ymarket.co.il/products/p-p-white-100-909/,2026-08-10
913,מרקיה P.P. (שקוף) חוויה ארוז 25 יח',חד פעמי ואירוח,6.00,7.08,ILS,,,https://ymarket.co.il/products/p-p-transparent-25/,2026-08-10
615,נרות נשמה 24 שעות,חד פעמי ואירוח,2.00,2.36,ILS,,,https://ymarket.co.il/products/memorial-candles/,2026-08-10
1049,נרות נשמה 48 שעות,חד פעמי ואירוח,5.00,5.90,ILS,,,https://ymarket.co.il/products/memorial-candles/,2026-08-10
1050,נרות נשמה 72 שעות,חד פעמי ואירוח,12.00,14.16,ILS,,,https://ymarket.co.il/products/memorial-candles/,2026-08-10
283,סט סכום 5 פריטים שחור ארוז 500 יח',חד פעמי ואירוח,100.00,118.00,ILS,,,https://ymarket.co.il/products/cutlery-5-black-500/,2026-08-10
374,סכין פלסטיק 100,חד פעמי ואירוח,5.00,5.90,ILS,,,https://ymarket.co.il/products/knife-plastic-100/,2026-08-10
219,סכין שקוף ארוז 50 יח' בחבילה,חד פעמי ואירוח,4.00,4.72,ILS,,,https://ymarket.co.il/products/knife-transparent-50-pack/,2026-08-10
551,צלחת לבן PS מידה 7 - 50 יח',חד פעמי ואירוח,4.00,4.72,ILS,,,https://ymarket.co.il/products/plate-white-ps/,2026-08-10
256,צלחת לבן PS מידה 9 - 50 יח',חד פעמי ואירוח,5.00,5.90,ILS,,,https://ymarket.co.il/products/plate-white-ps/,2026-08-10
911,צלחת P.P. גדול 9 (שקוף) חוויה ארוז 25 יח',חד פעמי ואירוח,7.00,8.26,ILS,,,https://ymarket.co.il/products/plate-p-p-large-9-transparent-25/,2026-08-10
1031,צלחת P.P. גדולה 9 (אפור) Happy ארוז 100 יח',חד פעמי ואירוח,18.00,21.24,ILS,,,https://ymarket.co.il/products/plate-pp-large-9-happy/,2026-08-10
1030,צלחת P.P. גדולה 9 (זהב) Happy ארוז 100 יח',חד פעמי ואירוח,18.00,21.24,ILS,,,https://ymarket.co.il/products/plate-pp-large-9-happy/,2026-08-10
372,צלחת P.P. גדולה 9 (לבן) Happy ארוז 100 יח',חד פעמי ואירוח,19.00,22.42,ILS,,,https://ymarket.co.il/products/plate-pp-large-9-happy/,2026-08-10
906,צלחת P.P. גדולה 9 (קרם) Happy ארוז 100 יח',חד פעמי ואירוח,19.00,22.42,ILS,,,https://ymarket.co.il/products/plate-pp-large-9-happy/,2026-08-10
910,צלחת P.P. ענקית 10 (שקוף) חוויה ארוז 25 יח',חד פעמי ואירוח,12.00,14.16,ILS,,,https://ymarket.co.il/products/plate-p-p-10-transparent-25/,2026-08-10
119,צלחת P.P. קטנה 7 (לבן) Happy ארוז 100 יח',חד פעמי ואירוח,12.00,14.16,ILS,,,https://ymarket.co.il/products/plate-pp-small-7-happy/,2026-08-10
920,צלחת P.P. קטנה 7 (קרם) Happy ארוז 100 יח',חד פעמי ואירוח,12.00,14.16,ILS,,,https://ymarket.co.il/products/plate-pp-small-7-happy/,2026-08-10
912,צלחת P.P. קטנה 7 (שקוף) חוויה ארוז 25 יח',חד פעמי ואירוח,4.60,5.43,ILS,,,https://ymarket.co.il/products/plate-p-p-7-transparent-25/,2026-08-10
1074,קיסמים דנטלים במלחיה - 200 יח',חד פעמי ואירוח,5.00,5.90,ILS,,,https://ymarket.co.il/products/toothpicks-200/,2026-08-10
908,קסרול P.P. (לבן) חוויה ארוז 100 יח',חד פעמי ואירוח,10.00,11.80,ILS,,,https://ymarket.co.il/products/p-p-white-100-908/,2026-08-10
915,קסרול P.P. (שקוף) חוויה ארוז 25 יח',חד פעמי ואירוח,4.00,4.72,ILS,,,https://ymarket.co.il/products/p-p-transparent-25-915/,2026-08-10
586,"שיפוד יפני (יקיטורי) 15ס""מ א' 100 יח'",חד פעמי ואירוח,4.00,4.72,ILS,,,https://ymarket.co.il/products/15-100/,2026-08-10
587,"שיפוד יפני (יקיטורי) 18 ס""מ א' 100 יח'",חד פעמי ואירוח,6.00,7.08,ILS,,,https://ymarket.co.il/products/18-100/,2026-08-10
926,"שיפוד עגול 25 ס""מ א' 50 יח'",חד פעמי ואירוח,7.00,8.26,ILS,,,https://ymarket.co.il/products/round-skewer/,2026-08-10
788,"שיפוד עגול 30 ס""מ א' 50 יח'",חד פעמי ואירוח,7.00,8.26,ILS,,,https://ymarket.co.il/products/round-skewer/,2026-08-10
789,"שיפוד שטוח 40 ס""מ א' 50 יח'",חד פעמי ואירוח,10.00,11.80,ILS,,,https://ymarket.co.il/products/40-50/,2026-08-10
342,אקדח לדבק אריזה,אריזה לוגיסטית ומחסן,35.00,41.30,ILS,,,https://ymarket.co.il/products/glue-packaging/,2026-08-10
194,ידית לשרינג קטן,אריזה לוגיסטית ומחסן,15.00,17.70,ILS,,,https://ymarket.co.il/products/small/,2026-08-10
975,כיסוי עגלות/ משטחים 160/490 שקוף - א' 80 יח' בגליל,אריזה לוגיסטית ומחסן,198.00,233.64,ILS,,,https://ymarket.co.il/products/surfaces-160-490-transparent-80-roll/,2026-08-10
177,מיני סטרץ 300 כחול/לבן,אריזה לוגיסטית ומחסן,5.40,6.37,ILS,,,https://ymarket.co.il/products/300-blue-white/,2026-08-10
424,מסקנטייפ 2.6 סמ רוחב 25 מטר,אריזה לוגיסטית ומחסן,3.00,3.54,ILS,,,https://ymarket.co.il/products/masking-tape-roll/,2026-08-10
604,מסקנטייפ 4.8 סמ רוחב 25 מטר,אריזה לוגיסטית ומחסן,5.00,5.90,ILS,,,https://ymarket.co.il/products/masking-tape-roll/,2026-08-10
412,מסקנטייפ 4.8 סמ רוחב 40 מטר,אריזה לוגיסטית ומחסן,8.00,9.44,ILS,,,https://ymarket.co.il/products/4-8-40/,2026-08-10
970,ניילון בועות (פצפץ) - 1 מטר,אריזה לוגיסטית ומחסן,160.00,188.80,ILS,,,https://ymarket.co.il/products/nylon-1/,2026-08-10
150,סטרץ 3 קג 25 מיקרון ליבה דקה,אריזה לוגיסטית ומחסן,32.00,37.76,ILS,,,https://ymarket.co.il/products/3-25/,2026-08-10
152,סרט אריזה אוניברסלי (שקוף) - אקרילי 60 מטר,אריזה לוגיסטית ומחסן,5.20,6.14,ILS,,,https://ymarket.co.il/products/transparent-acrylic-packing-tape-60m-bulk/,2026-08-10
178,סרט אריזה דגם 132 - הדבקה חזקה במיוחד - שקוף,אריזה לוגיסטית ומחסן,6.00,7.08,ILS,,,https://ymarket.co.il/products/packaging-132-glue-transparent/,2026-08-10
806,"שקיות ארגזים HD - א' 20 ק""ג 105/75 שקוף עבה",אריזה לוגיסטית ומחסן,360.00,424.80,ILS,,,https://ymarket.co.il/products/bags-hd-20-105-75-transparent/,2026-08-10
750,"שקיות שקילה נילון 30*20 ל - 1 ק""ג",אריזה לוגיסטית ומחסן,14.00,16.52,ILS,,,https://ymarket.co.il/products/weighing-bags-1kg/,2026-08-10
803,"שקיות שקילה נילון 35*25 ל - 1 ק""ג",אריזה לוגיסטית ומחסן,14.00,16.52,ILS,,,https://ymarket.co.il/products/weighing-bags-1kg/,2026-08-10
804,"שקיות שקילה נילון 40*30 ל - 1 ק""ג",אריזה לוגיסטית ומחסן,14.00,16.52,ILS,,,https://ymarket.co.il/products/weighing-bags-1kg/,2026-08-10
984,גליל נייר תעשייתי (קימברלי) - 35015,מוצרי נייר וניגוב,245.00,289.10,ILS,,,https://ymarket.co.il/products/roll-paper-industrial-35015/,2026-08-10
1022,"כיסוי אסלה נייר חד""פ 5000 יח'",מוצרי נייר וניגוב,420.00,495.60,ILS,,,https://ymarket.co.il/products/disposable-toilet-seat-covers-5000/,2026-08-10
543,מארז ממחטות אף חמשייה,מוצרי נייר וניגוב,10.00,11.80,ILS,,,https://ymarket.co.il/products/pack/,2026-08-10
779,מגבוני נייר טואלט לחים מארז שלשיה - 144 יח',מוצרי נייר וניגוב,15.00,17.70,ILS,,,https://ymarket.co.il/products/squeegee-paper-toilet-wet-pack-144/,2026-08-10
932,מגבת צץ רץ - טישו חד שכבתי 4000 יח,מוצרי נייר וניגוב,70.00,82.60,ILS,,,https://ymarket.co.il/products/towel-4000-932/,2026-08-10
175,מגבת צץ רץ - רץ אורן 4000 יח,מוצרי נייר וניגוב,55.00,64.90,ILS,,,https://ymarket.co.il/products/towel-4000/,2026-08-10
781,מגבת צץ רץ - תאית חד שכבתי 4000 יח,מוצרי נייר וניגוב,80.00,94.40,ILS,,,https://ymarket.co.il/products/towel-4000-781/,2026-08-10
241,מטליות אלכוהול 70% אנטיבקטריאלי - 380 יח',מוצרי נייר וניגוב,65.00,76.70,ILS,,,https://ymarket.co.il/products/cloths-70-380/,2026-08-10
1066,מטליות פרימיום לספיגת שומנים - נייר דגים,מוצרי נייר וניגוב,180.00,212.40,ILS,,,https://ymarket.co.il/products/cloths-paper/,2026-08-10
302,ממחטות טישו רכות 4 שכבות,מוצרי נייר וניגוב,24.00,28.32,ILS,,,https://ymarket.co.il/products/facial-tissues-4ply-cream-soft/,2026-08-10
739,מפיות 1/8 40*40 ארוז 2000 יח',מוצרי נייר וניגוב,200.00,236.00,ILS,,,https://ymarket.co.il/products/napkins-1-8-40-40-2000/,2026-08-10
308,מפיות לדיספנסר 6400 יח',מוצרי נייר וניגוב,75.00,88.50,ILS,,,https://ymarket.co.il/products/napkins-6400/,2026-08-10
570,מפיות פסטי 100 מפיות בחבילה,מוצרי נייר וניגוב,5.00,5.90,ILS,,,https://ymarket.co.il/products/napkins-100-napkins-pack/,2026-08-10
118,מפיות קוקטייל טישו דו-שכבתי 23*25 (5000 יח'),מוצרי נייר וניגוב,122.00,143.96,ILS,,,https://ymarket.co.il/products/napkins-23-25-5000/,2026-08-10
828,מתקן סמארט טבורי לבן,מוצרי נייר וניגוב,150.00,177.00,ILS,,,https://ymarket.co.il/products/white/,2026-08-10
142,מתקן ריצפתי לנייר תעשייתי,מוצרי נייר וניגוב,70.00,82.60,ILS,,,https://ymarket.co.il/products/paper-industrial/,2026-08-10
243,נייר טואלט אביבית 48 גלילים,מוצרי נייר וניגוב,35.00,41.30,ILS,,,https://ymarket.co.il/products/paper-toilet-48-rolls/,2026-08-10
723,"נייר טואלט ג'מבו תאית דו שכבתי 12 גלילים - 3.5 ק""ג",מוצרי נייר וניגוב,60.00,70.80,ILS,,,https://ymarket.co.il/products/paper-toilet-12-rolls-3-5/,2026-08-10
657,נייר טואלט קומפקט 80 - 36 יח',מוצרי נייר וניגוב,145.00,171.10,ILS,,,https://ymarket.co.il/products/compact-toilet-paper-80m-36/,2026-08-10
226,נייר טואלט Only 32 גלילים,מוצרי נייר וניגוב,25.00,29.50,ILS,,,https://ymarket.co.il/products/paper-toilet-only-32-rolls/,2026-08-10
242,נייר טואלט Perini 32 גלילים,מוצרי נייר וניגוב,35.00,41.30,ILS,,,https://ymarket.co.il/products/paper-toilet-perini-32-rolls/,2026-08-10
313,נייר מגבת איירפלקס 150 מטר 1/6,מוצרי נייר וניגוב,150.00,177.00,ILS,,,https://ymarket.co.il/products/paper-towel-150-1-6/,2026-08-10
174,נייר מגבת סופר 6 גלילים,מוצרי נייר וניגוב,36.00,42.48,ILS,,,https://ymarket.co.il/products/paper-towel-6-rolls/,2026-08-10
866,"נייר מגבת סופר 6 גלילים 1.3 ק""ג",מוצרי נייר וניגוב,25.00,29.50,ILS,,,https://ymarket.co.il/products/paper-towel-6-rolls-1-3/,2026-08-10
740,נייר מגבת צץ רץ (איירפלקס) - 1760 יח',מוצרי נייר וניגוב,120.00,141.60,ILS,,,https://ymarket.co.il/products/paper-towel-1760/,2026-08-10
881,"נייר מגבת תאית 6 גלילים - 3.5 ק""ג",מוצרי נייר וניגוב,65.00,76.70,ILS,,,https://ymarket.co.il/products/paper-towel-6-rolls-3-5/,2026-08-10
485,נייר ניגוב ידיים 1/6 300 מטר דו שכבתי,מוצרי נייר וניגוב,220.00,259.60,ILS,,,https://ymarket.co.il/products/paper-hands-1-6-300/,2026-08-10
91,נייר סופג לאקי 2 שכבות 6 גלילים,מוצרי נייר וניגוב,10.00,11.80,ILS,,,https://ymarket.co.il/products/paper-2-6-rolls/,2026-08-10
176,נייר צץ רץ טואלט למתקן שירותים 9000 יח',מוצרי נייר וניגוב,120.00,141.60,ILS,,,https://ymarket.co.il/products/interleaved-toilet-paper-9000/,2026-08-10
936,"נייר תעשייתי 100% תאית - 2.7 ק""ג",מוצרי נייר וניגוב,44.00,51.92,ILS,,,https://ymarket.co.il/products/paper-industrial-100-2-7/,2026-08-10
1064,"נייר תעשייתי דו שכבתי 100% תאית - 4 ק""ג",מוצרי נייר וניגוב,80.00,94.40,ILS,,,https://ymarket.co.il/products/paper-industrial-100-4-1064/,2026-08-10
937,"נייר תעשייתי חד שכבתי 100% תאית - 4 ק""ג",מוצרי נייר וניגוב,69.00,81.42,ILS,,,https://ymarket.co.il/products/paper-industrial-100-4/,2026-08-10
1029,"נייר תעשייתי תאית 5 ק""ג דגם - 1200",מוצרי נייר וניגוב,90.00,106.20,ILS,,,https://ymarket.co.il/products/paper-industrial-5-1200-1029/,2026-08-10
648,"נייר תעשייתי Blinx 28 ס""מ",מוצרי נייר וניגוב,69.00,81.42,ILS,,,https://ymarket.co.il/products/paper-industrial-blinx-28/,2026-08-10
102,סופר מגבת עבה,מוצרי נייר וניגוב,12.00,14.16,ILS,,,https://ymarket.co.il/products/towel/,2026-08-10
483,סמארט בומבה צר 1/12 דגם 200 + פרפורציה,מוצרי נייר וניגוב,120.00,141.60,ILS,,,https://ymarket.co.il/products/1-12-200/,2026-08-10
484,סמארט בומבה רחב 1/12 דגם 200 + פרפורציה,מוצרי נייר וניגוב,175.00,206.50,ILS,,,https://ymarket.co.il/products/1-12-200-484/,2026-08-10
245,סוכר חום מנות 1000 יח',"קפה, שתייה וכיבוד",72.00,84.96,ILS,,,https://ymarket.co.il/products/sugar-1000-245/,2026-08-10
210,סוכר לבן 1 קג,"קפה, שתייה וכיבוד",5.00,5.90,ILS,,,https://ymarket.co.il/products/sugar-white-1/,2026-08-10
244,סוכר מנות 1000 יח',"קפה, שתייה וכיבוד",50.00,59.00,ILS,,,https://ymarket.co.il/products/sugar-1000/,2026-08-10
246,סוכרזית מנות 1000 יח',"קפה, שתייה וכיבוד",70.00,82.60,ILS,,,https://ymarket.co.il/products/sugar-1000-246/,2026-08-10
394,סוכרזית קלאסי,"קפה, שתייה וכיבוד",22.00,25.96,ILS,,,https://ymarket.co.il/products/sugar/,2026-08-10
166404,פרינגלס אדום 149 גר',"קפה, שתייה וכיבוד",15.00,17.70,ILS,,,https://ymarket.co.il/products/pringels/,2026-08-10
170906,פרינגלס ירוק שמנת בצל 158 גר',"קפה, שתייה וכיבוד",15.00,17.70,ILS,,,https://ymarket.co.il/products/pringels/,2026-08-10
793,צנצנת קפה זכוכית,"קפה, שתייה וכיבוד",12.00,14.16,ILS,,,https://ymarket.co.il/products/coffee/,2026-08-10
214,קפה נמס 200 גר',"קפה, שתייה וכיבוד",32.00,37.76,ILS,,,https://ymarket.co.il/products/coffee-200-214/,2026-08-10
106,קפה נמס טסטר צ'ויס אדום 200 גרם,"קפה, שתייה וכיבוד",44.00,51.92,ILS,,,https://ymarket.co.il/products/coffee-red-200/,2026-08-10
212,קפה שחור 1 קג מוסדי - עלית,"קפה, שתייה וכיבוד",65.00,76.70,ILS,,,https://ymarket.co.il/products/coffee-black-1-institutional/,2026-08-10
456,תה ויצוצקי מוסדי 100 יח' - כשר מהדרין,"קפה, שתייה וכיבוד",10.00,11.80,ILS,,,https://ymarket.co.il/products/tea-institutional-100/,2026-08-10
215,תה ליפטון 100 - 150 גר',"קפה, שתייה וכיבוד",15.00,17.70,ILS,,,https://ymarket.co.il/products/tea-100-150/,2026-08-10
649,בלוק לבן 40 דף שורה A4,ציוד משרדי וכללי,5.00,5.90,ILS,,,https://ymarket.co.il/products/white-40-a4/,2026-08-10
1095,בלוק צהוב a4 משובץ,ציוד משרדי וכללי,3.80,4.48,ILS,,,https://ymarket.co.il/products/yellow-a4-1095/,2026-08-10
356,בלוק צהוב a4 שורה,ציוד משרדי וכללי,5.40,6.37,ILS,,,https://ymarket.co.il/products/yellow-a4/,2026-08-10
674,גיליוטינה סכין 3914 ל 10 דף - KW-A3,ציוד משרדי וכללי,400.00,472.00,ILS,,,https://ymarket.co.il/products/knife-3914-10-kw-a3/,2026-08-10
795,דבק סטיק גדול,ציוד משרדי וכללי,10.00,11.80,ILS,,,https://ymarket.co.il/products/glue-large/,2026-08-10
636,דבקיות לבנות 32 דף 20/30,ציוד משרדי וכללי,8.00,9.44,ILS,,,https://ymarket.co.il/products/glue-32-20-30/,2026-08-10
720,דבקיות לבנות 32 דף בערך 50/30,ציוד משרדי וכללי,8.00,9.44,ILS,,,https://ymarket.co.il/products/glue-32-50-30/,2026-08-10
293,דגל ישראל 110*80,ציוד משרדי וכללי,2.80,3.30,ILS,,,https://ymarket.co.il/products/110-80/,2026-08-10
391,דפי MEMO צבעוני,ציוד משרדי וכללי,3.00,3.54,ILS,,,https://ymarket.co.il/products/memo/,2026-08-10
716,חבילת חוצץ מנילה לבן A4,ציוד משרדי וכללי,23.00,27.14,ILS,,,https://ymarket.co.il/products/white-a4/,2026-08-10
721,חוצצים פלסטי 1/12 4A,ציוד משרדי וכללי,7.00,8.26,ILS,,,https://ymarket.co.il/products/1-12-4a/,2026-08-10
784,טונר TONER TN2420 תואם,ציוד משרדי וכללי,120.00,141.60,ILS,,,https://ymarket.co.il/products/candle-toner-tn2420/,2026-08-10
1092,טוש 90 אדום פרמננט ליין פלוס (12),ציוד משרדי וכללי,12.00,14.16,ILS,,,https://ymarket.co.il/products/permanent-marker-90/,2026-08-10
1093,טוש 90 כחול פרמננט ליין פלוס (12),ציוד משרדי וכללי,12.00,14.16,ILS,,,https://ymarket.co.il/products/permanent-marker-90/,2026-08-10
1091,טוש 90 שחור פרמננט ליין פלוס (12),ציוד משרדי וכללי,12.00,14.16,ILS,,,https://ymarket.co.il/products/permanent-marker-90/,2026-08-10
490,כבל נתונים + מטען TYPE C - מטר,ציוד משרדי וכללי,40.00,47.20,ILS,,,https://ymarket.co.il/products/type-c/,2026-08-10
608,מארז לימנציה A3,ציוד משרדי וכללי,60.00,70.80,ILS,,,https://ymarket.co.il/products/pack-a3/,2026-08-10
492,מארז לימנציה A4,ציוד משרדי וכללי,40.00,47.20,ILS,,,https://ymarket.co.il/products/pack-a4/,2026-08-10
961,מדבקות 32 דף 13/50 לבן,ציוד משרדי וכללי,7.00,8.26,ILS,,,https://ymarket.co.il/products/label-stickers-32sheet/,2026-08-10
960,מדבקות 32 דף 19/40 לבן,ציוד משרדי וכללי,7.00,8.26,ILS,,,https://ymarket.co.il/products/label-stickers-32sheet/,2026-08-10
962,מדבקות 32 דף 23/50 לבן,ציוד משרדי וכללי,7.00,8.26,ILS,,,https://ymarket.co.il/products/label-stickers-32sheet/,2026-08-10
963,מדבקות 32 דף 33/74 לבן,ציוד משרדי וכללי,7.00,8.26,ILS,,,https://ymarket.co.il/products/label-stickers-32sheet/,2026-08-10
927,מדבקות 45 למשקל בולט (תודה ולהתראות),ציוד משרדי וכללי,100.45,118.53,ILS,,,https://ymarket.co.il/products/glue-45/,2026-08-10
928,מדבקות למשקל רציפה לבנה 22 מטר,ציוד משרדי וכללי,13.00,15.34,ILS,,,https://ymarket.co.il/products/glue-22/,2026-08-10
964,מחברת משובץ A4 3 נושאים - 120 דף,ציוד משרדי וכללי,12.00,14.16,ILS,,,https://ymarket.co.il/products/a4-3-120/,2026-08-10
357,מחברת ספירלה כריכה קשה a4,ציוד משרדי וכללי,26.30,31.03,ILS,,,https://ymarket.co.il/products/straw-a4/,2026-08-10
965,מחברת שורה A4 - 72 דף,ציוד משרדי וכללי,9.00,10.62,ILS,,,https://ymarket.co.il/products/a4-72/,2026-08-10
760,מחק לבן קטן,ציוד משרדי וכללי,2.00,2.36,ILS,,,https://ymarket.co.il/products/white-small/,2026-08-10
422,מיזכרית מרובעת 76/76 - מארז 12 יח',ציוד משרדי וכללי,22.00,25.96,ILS,,,https://ymarket.co.il/products/76-76-pack-12/,2026-08-10
469,מכשיר הדפסת מדבקות פי טאץ בראדר,ציוד משרדי וכללי,315.00,371.70,ILS,,,https://ymarket.co.il/products/glue/,2026-08-10
718,מנקב קנגרו 600 ל 25 דף,ציוד משרדי וכללי,25.00,29.50,ILS,,,https://ymarket.co.il/products/600-25/,2026-08-10
420,מספרים 1/2 8 POP,ציוד משרדי וכללי,4.00,4.72,ILS,,,https://ymarket.co.il/products/1-2-8-pop/,2026-08-10
865,מעטפות לבנות 18/25 - א' 25 יח',ציוד משרדי וכללי,6.00,7.08,ILS,,,https://ymarket.co.il/products/pen-18-25-25/,2026-08-10
423,מעמד משולב מתכת שחור,ציוד משרדי וכללי,20.00,23.60,ILS,,,https://ymarket.co.il/products/black-423/,2026-08-10
1086,מרקר מדגיש צבע וורוד,ציוד משרדי וכללי,7.00,8.26,ILS,,,https://ymarket.co.il/products/pink/,2026-08-10
765,מרקר מדגיש צבע ירוק,ציוד משרדי וכללי,4.00,4.72,ILS,,,https://ymarket.co.il/products/highlighter-markers/,2026-08-10
764,מרקר מדגיש צבע כחול,ציוד משרדי וכללי,4.00,4.72,ILS,,,https://ymarket.co.il/products/highlighter-markers/,2026-08-10
1085,מרקר מדגיש צבע צהוב,ציוד משרדי וכללי,7.00,8.26,ILS,,,https://ymarket.co.il/products/highlighter-markers/,2026-08-10
289,ניילון + פס שחור 75f מיקרון(50 יחידות),ציוד משרדי וכללי,15.48,18.27,ILS,,,https://ymarket.co.il/products/nylon-black-75f-50-units/,2026-08-10
677,נייר טרמי למסופון 57*17 (סוויץ'),ציוד משרדי וכללי,3.00,3.54,ILS,,,https://ymarket.co.il/products/paper-57-17/,2026-08-10
678,נייר טרמי למסופון 57*40 (נורית),ציוד משרדי וכללי,3.80,4.48,ILS,,,https://ymarket.co.il/products/paper-57-40/,2026-08-10
679,נייר טרמי לקופה 80*40,ציוד משרדי וכללי,4.00,4.72,ILS,,,https://ymarket.co.il/products/thermal-paper-roll/,2026-08-10
304,נייר טרמי לקופה 80*80,ציוד משרדי וכללי,5.00,5.90,ILS,,,https://ymarket.co.il/products/thermal-paper-roll/,2026-08-10
650,נייר קלף,ציוד משרדי וכללי,25.00,29.50,ILS,,,https://ymarket.co.il/products/paper/,2026-08-10
696,נילון + פס לבן 45 F מיקרון - 50 יח',ציוד משרדי וכללי,9.00,10.62,ILS,,,https://ymarket.co.il/products/white-45-f-50/,2026-08-10
419,סוללות בבליסטר AA 4 יח',ציוד משרדי וכללי,10.00,11.80,ILS,,,https://ymarket.co.il/products/batteries-aa-4/,2026-08-10
572,סוללות בבליסטר AAA 4 יח',ציוד משרדי וכללי,10.00,11.80,ILS,,,https://ymarket.co.il/products/batteries-aaa-4/,2026-08-10
647,סוללות כפתור ליטיום 2032 - א' 5 יח',ציוד משרדי וכללי,12.00,14.16,ILS,,,https://ymarket.co.il/products/batteries-2032-5/,2026-08-10
749,סוללות מרובע 9V - יחידה,ציוד משרדי וכללי,12.00,14.16,ILS,,,https://ymarket.co.il/products/batteries-9v/,2026-08-10
736,סוללות עגולות C - זוג,ציוד משרדי וכללי,15.00,17.70,ILS,,,https://ymarket.co.il/products/batteries-c-736/,2026-08-10
737,סוללות עגולות D - זוג,ציוד משרדי וכללי,18.00,21.24,ILS,,,https://ymarket.co.il/products/batteries-d/,2026-08-10
695,סוללות C דורסל - זוג,ציוד משרדי וכללי,32.00,37.76,ILS,,,https://ymarket.co.il/products/batteries-c/,2026-08-10
491,סט 12 לורד 70 צבעוני,ציוד משרדי וכללי,40.00,47.20,ILS,,,https://ymarket.co.il/products/12-70/,2026-08-10
364,סט 4 לורדים ללוח לבן,ציוד משרדי וכללי,15.00,17.70,ILS,,,https://ymarket.co.il/products/4-white/,2026-08-10
421,סיכות 26/6,ציוד משרדי וכללי,4.00,4.72,ILS,,,https://ymarket.co.il/products/26-6/,2026-08-10
610,סיכות ראש צבעוני ללוח שעם,ציוד משרדי וכללי,5.00,5.90,ILS,,,https://ymarket.co.il/products/with-610/,2026-08-10
540,"ספירל 8 מ""מ 100 יח' עד 40 דף - לבן",ציוד משרדי וכללי,22.00,25.96,ILS,,,https://ymarket.co.il/products/spiral-coil-binding-8mm/,2026-08-10
539,"ספירל 8 מ""מ 100 יח' עד 40 דף - שחור",ציוד משרדי וכללי,22.00,25.96,ILS,,,https://ymarket.co.il/products/spiral-coil-binding-8mm/,2026-08-10
322,"סרט פי טאצ"" ברדר TZ-231 שחור\לבן 12 מ""מ תואם",ציוד משרדי וכללי,96.60,113.99,ILS,,,https://ymarket.co.il/products/tz-231-black-white-12/,2026-08-10
287,עט + פקק קוברה כחול,ציוד משרדי וכללי,0.48,0.57,ILS,,,https://ymarket.co.il/products/cobra-ballpoint-pen/,2026-08-10
288,עט + פקק קוברה שחור,ציוד משרדי וכללי,0.48,0.57,ILS,,,https://ymarket.co.il/products/cobra-ballpoint-pen/,2026-08-10
717,עט הדגשה צבעוני צהוב,ציוד משרדי וכללי,2.00,2.36,ILS,,,https://ymarket.co.il/products/pen-yellow/,2026-08-10
969,עט כדורי מיקרו כחול - COBRA,ציוד משרדי וכללי,1.50,1.77,ILS,,,https://ymarket.co.il/products/pen-blue-cobra/,2026-08-10
453,עט כדורי עם לחצן,ציוד משרדי וכללי,2.00,2.36,ILS,,,https://ymarket.co.il/products/pen-with/,2026-08-10
652,עט לחצן גריפ אימפקט טנפון G7,ציוד משרדי וכללי,1.50,1.77,ILS,,,https://ymarket.co.il/products/pen-g7/,2026-08-10
1097,עט לחצן כחול G7 קוברה 1 מ''מ (50),ציוד משרדי וכללי,1.56,1.84,ILS,,,https://ymarket.co.il/products/pen-blue-g7-1-50/,2026-08-10
1100,עט מחט 0.5 אדום COBRA דגם 505 (12),ציוד משרדי וכללי,9.52,11.23,ILS,,,https://ymarket.co.il/products/pen-needle-0-5-cobra-505/,2026-08-10
1099,עט מחט 0.5 כחול COBRA דגם 505 (12),ציוד משרדי וכללי,9.52,11.23,ILS,,,https://ymarket.co.il/products/pen-needle-0-5-cobra-505/,2026-08-10
1098,עט מחט 0.5 שחור COBRA דגם 505 (12),ציוד משרדי וכללי,9.52,11.23,ILS,,,https://ymarket.co.il/products/pen-needle-0-5-cobra-505/,2026-08-10
1103,עט מחט 0.7 אדום COBRA דגם 507 (12),ציוד משרדי וכללי,9.52,11.23,ILS,,,https://ymarket.co.il/products/pen-needle-0-7-cobra-507/,2026-08-10
1102,עט מחט 0.7 כחול COBRA דגם 507 (12),ציוד משרדי וכללי,9.52,11.23,ILS,,,https://ymarket.co.il/products/pen-needle-0-7-cobra-507/,2026-08-10
1101,עט מחט 0.7 שחור COBRA דגם 507 (12),ציוד משרדי וכללי,9.52,11.23,ILS,,,https://ymarket.co.il/products/pen-needle-0-7-cobra-507/,2026-08-10
468,עט פילוט טקפוינט V5 כחול,ציוד משרדי וכללי,8.00,9.44,ILS,,,https://ymarket.co.il/products/pen-v5-blue/,2026-08-10
698,עט פילוט G2 כחול 0.7,ציוד משרדי וכללי,8.00,9.44,ILS,,,https://ymarket.co.il/products/pen-g2-blue-0-7/,2026-08-10
715,עטי לחצן טנפון/אימפקט - 48 יח',ציוד משרדי וכללי,85.00,100.30,ILS,,,https://ymarket.co.il/products/pen-48/,2026-08-10
365,צלוטייפ 33*3\4,ציוד משרדי וכללי,1.50,1.77,ILS,,,https://ymarket.co.il/products/33-3-4/,2026-08-10
741,קופסאת גניזה ללא מכסה שטוח (ר3 ע38 ג27),ציוד משרדי וכללי,12.00,14.16,ILS,,,https://ymarket.co.il/products/without-3-38-27/,2026-08-10
362,קלסר 8 צבעוני,ציוד משרדי וכללי,16.00,18.88,ILS,,,https://ymarket.co.il/products/binder-8/,2026-08-10
1047,קלסר 8 צבעוני אפור,ציוד משרדי וכללי,18.00,21.24,ILS,,,https://ymarket.co.il/products/binder-8-colored/,2026-08-10
292,קלסר 8 צבעוני שחור,ציוד משרדי וכללי,18.56,21.90,ILS,,,https://ymarket.co.il/products/binder-8-colored/,2026-08-10
1046,קלסר 8 צבעוני תכלת,ציוד משרדי וכללי,18.00,21.24,ILS,,,https://ymarket.co.il/products/binder-8-colored/,2026-08-10
1096,קלסר גב 5 צבוני כחול,ציוד משרדי וכללי,17.84,21.05,ILS,,,https://ymarket.co.il/products/binder-5-colored/,2026-08-10
291,קלסר גב 5 צבוני שחור,ציוד משרדי וכללי,18.56,21.90,ILS,,,https://ymarket.co.il/products/binder-5-colored/,2026-08-10
361,קלסר גב 5 צבעוני,ציוד משרדי וכללי,16.00,18.88,ILS,,,https://ymarket.co.il/products/binder-5/,2026-08-10
694,קלסר קרטון + נעילת - גב 8,ציוד משרדי וכללי,12.00,14.16,ILS,,,https://ymarket.co.il/products/binder-carton-8/,2026-08-10
290,תיק טבעות f צבעוני שחור,ציוד משרדי וכללי,10.94,12.91,ILS,,,https://ymarket.co.il/products/f-black/,2026-08-10
249,A4 למדפסת 500 דפים,ציוד משרדי וכללי,18.00,21.24,ILS,,,https://ymarket.co.il/products/a4-500/,2026-08-10
1026,אזיקונים (שחור) 3.6*300 עבה במיוחד - 100 יח',ציוד טכני ואחזקה,15.00,17.70,ILS,,,https://ymarket.co.il/products/black-3-6-300-100/,2026-08-10
1024,אזיקונים (שחור) 7.6*300 עבה במיוחד - 100 יח',ציוד טכני ואחזקה,38.00,44.84,ILS,,,https://ymarket.co.il/products/black-7-6-300-100/,2026-08-10
1025,אזיקונים (שחור) 7.6*400 עבה במיוחד - 100 יח',ציוד טכני ואחזקה,54.00,63.72,ILS,,,https://ymarket.co.il/products/black-7-6-400-100/,2026-08-10
329,את שפיכה + מקל עץ,ציוד טכני ואחזקה,80.00,94.40,ILS,,,https://ymarket.co.il/products/handle-329/,2026-08-10
1113,גליל PVC חדרי קירור שקוף - 2*200 גליל 50 מ',ציוד טכני ואחזקה,1200.00,1416.00,ILS,,,https://ymarket.co.il/products/roll-pvc-transparent-2-200-roll-50/,2026-08-10
1089,חותך ברזל דMCC איכותי 900 ממ,ציוד טכני ואחזקה,250.00,295.00,ILS,,,https://ymarket.co.il/products/mcc-900/,2026-08-10
630,"יעה מתכת + ידית הארכה 25*75 ס""מ",ציוד טכני ואחזקה,29.00,34.22,ILS,,,https://ymarket.co.il/products/25-75/,2026-08-10
1005,כף אשפה מתכת + תושבת לידית,ציוד טכני ואחזקה,10.00,11.80,ILS,,,https://ymarket.co.il/products/spoon-garbage-1005/,2026-08-10
465,מברשת אוניברסלית מידה 4,ציוד טכני ואחזקה,15.00,17.70,ILS,,,https://ymarket.co.il/products/size-4/,2026-08-10
752,מגרפה פס סגור + מקל,ציוד טכני ואחזקה,45.00,53.10,ILS,,,https://ymarket.co.il/products/handle-752/,2026-08-10
461,מגרפת דשא פלסטיק גדולה + מקל,ציוד טכני ואחזקה,35.00,41.30,ILS,,,https://ymarket.co.il/products/plastic-large-handle/,2026-08-10
403,מגרפת עלים 18 שניים חזקה + מקל עץ,ציוד טכני ואחזקה,35.00,41.30,ILS,,,https://ymarket.co.il/products/18-handle/,2026-08-10
343,"מלכודת ""זבובון"" גדולה עם פתיון 30 ס""מ אורך - USA",ציוד טכני ואחזקה,40.00,47.20,ILS,,,https://ymarket.co.il/products/large-with-30-usa/,2026-08-10
689,ממית קלקר מרובע - 5 ליטר,ציוד טכני ואחזקה,25.00,29.50,ILS,,,https://ymarket.co.il/products/cardboard-5/,2026-08-10
763,"מעדר אספלט רחב איכותי רוחב 40 ס""מ + מקל",ציוד טכני ואחזקה,45.00,53.10,ILS,,,https://ymarket.co.il/products/40-handle/,2026-08-10
769,משחרר ברגים BIG 400,ציוד טכני ואחזקה,15.00,17.70,ILS,,,https://ymarket.co.il/products/big-400/,2026-08-10
1114,מתלה נירוסטה לוילון 2*200 כולל אביזרי תליה - 1 מטר,ציוד טכני ואחזקה,339.00,400.02,ILS,,,https://ymarket.co.il/products/2-200-1/,2026-08-10
399,סט מגרדת פלסטיק + סכינים להחלפה,ציוד טכני ואחזקה,10.00,11.80,ILS,,,https://ymarket.co.il/products/plastic-knives/,2026-08-10
605,סכין יפני רחב מתכת,ציוד טכני ואחזקה,10.00,11.80,ILS,,,https://ymarket.co.il/products/knife/,2026-08-10
629,סכין יפני רחב פלסטיק - איכותי,ציוד טכני ואחזקה,10.00,11.80,ILS,,,https://ymarket.co.il/products/knife-plastic/,2026-08-10
354,ספריי יסוד אפור,ציוד טכני ואחזקה,15.00,17.70,ILS,,,https://ymarket.co.il/products/primer-spray-paint/,2026-08-10
1001,ספריי יסוד חום,ציוד טכני ואחזקה,12.00,14.16,ILS,,,https://ymarket.co.il/products/primer-spray-paint/,2026-08-10
353,ספריי שחור מבריק,ציוד טכני ואחזקה,12.00,14.16,ILS,,,https://ymarket.co.il/products/gloss-spray-paint/,2026-08-10
613,סרט הזהרה - אדום לבן,ציוד טכני ואחזקה,16.00,18.88,ILS,,,https://ymarket.co.il/products/red-white/,2026-08-10
761,עגלת משא עם 2 גלגלים,ציוד טכני ואחזקה,330.00,389.40,ILS,,,https://ymarket.co.il/products/with-2/,2026-08-10
464,רולר צבע אקרילי מידה 9,ציוד טכני ואחזקה,20.00,23.60,ILS,,,https://ymarket.co.il/products/size-9/,2026-08-10
653,"רצ'ט קשירה מקצועי אורך 4 מטר רוחב 1"" - 500 ק""ג",ציוד טכני ואחזקה,45.00,53.10,ILS,,,https://ymarket.co.il/products/straw-4-1-500/,2026-08-10
654,"רצ'ט קשירה מקצועי אורך 6 מטר רוחב 1.5"" - 1000 ק""ג",ציוד טכני ואחזקה,60.00,70.80,ILS,,,https://ymarket.co.il/products/straw-6-1-5-1000/,2026-08-10
655,"רצ'ט קשירה מקצועי אורך 6 מטר רוחב 2"" - 3000 ק""ג",ציוד טכני ואחזקה,80.00,94.40,ILS,,,https://ymarket.co.il/products/straw-6-2-3000/,2026-08-10
753,שטיח גומי זיגזג מגומי - 15 מ' 1.2 מ' 5 מלימטר,ציוד טכני ואחזקה,2500.00,2950.00,ILS,,,https://ymarket.co.il/products/anti-slip-rubber-zigzag-mat-15m/,2026-08-10
400,שפכתל מידה 2 + ידית סיליקון,ציוד טכני ואחזקה,10.00,11.80,ILS,,,https://ymarket.co.il/products/silicone-spatula/,2026-08-10
880,שפכתל מידה 4 + ידית סיליקון,ציוד טכני ואחזקה,15.00,17.70,ILS,,,https://ymarket.co.il/products/silicone-spatula/,2026-08-10
1057,תנור גינה 2500 וואט,ציוד טכני ואחזקה,260.00,306.80,ILS,,,https://ymarket.co.il/products/2500/,2026-08-10
513,אלונקה אלומיניום מתקפלת ל 4,עזרה ראשונה וציוד רפואי לעסקים,398.00,469.64,ILS,,,https://ymarket.co.il/products/aluminum-4/,2026-08-10
514,אלונקה אלומיניום מתקפלת ל 8,עזרה ראשונה וציוד רפואי לעסקים,558.00,658.44,ILS,,,https://ymarket.co.il/products/aluminum-8/,2026-08-10
533,אלקטרודות למכשיר החייאה דגם Life line,עזרה ראשונה וציוד רפואי לעסקים,370.00,436.60,ILS,,,https://ymarket.co.il/products/life-line-533/,2026-08-10
535,אלקטרודות למכשיר החייאה דגם Philips,עזרה ראשונה וציוד רפואי לעסקים,250.00,295.00,ILS,,,https://ymarket.co.il/products/philips-535/,2026-08-10
525,אספלניות פלסטר בד,עזרה ראשונה וציוד רפואי לעסקים,6.00,7.08,ILS,,,https://ymarket.co.il/products/plaster/,2026-08-10
530,ארון חיצוני למכשיר החייאה - עם קוד,עזרה ראשונה וציוד רפואי לעסקים,1980.00,2336.40,ILS,,,https://ymarket.co.il/products/with/,2026-08-10
527,דפיברילטור דגם Life line,עזרה ראשונה וציוד רפואי לעסקים,4850.00,5723.00,ILS,,,https://ymarket.co.il/products/life-line/,2026-08-10
528,דפיברילטור תוצרת Philips,עזרה ראשונה וציוד רפואי לעסקים,3500.00,4130.00,ILS,,,https://ymarket.co.il/products/philips/,2026-08-10
526,המדריך לעזרה ראשונה,עזרה ראשונה וציוד רפואי לעסקים,54.00,63.72,ILS,,,https://ymarket.co.il/products/first-aid-first-aid-526/,2026-08-10
515,לוח גב פלסטי קשיח,עזרה ראשונה וציוד רפואי לעסקים,980.00,1156.40,ILS,,,https://ymarket.co.il/products/straw/,2026-08-10
13,מסכה כירוגית (3 שכבות) לילדים - 50 יח',עזרה ראשונה וציוד רפואי לעסקים,7.00,8.26,ILS,,,https://ymarket.co.il/products/mask-surgical-3-pink-50/,2026-08-10
69,מסכה רפואית צבע תכלת - TCare,עזרה ראשונה וציוד רפואי לעסקים,10.00,11.80,ILS,,,https://ymarket.co.il/products/mask-light-blue-tcare/,2026-08-10
147,נוזל 70% אלכוהול לחיטוי כללי ומשטחים (SEPTAMED) - חצי ליטר,עזרה ראשונה וציוד רפואי לעסקים,35.00,41.30,ILS,,,https://ymarket.co.il/products/70-disinfectant-surfaces-septamed/,2026-08-10
534,סוללה למכשיר החייאה דגם Life line,עזרה ראשונה וציוד רפואי לעסקים,1755.00,2070.90,ILS,,,https://ymarket.co.il/products/battery-life-line/,2026-08-10
536,סוללה למכשיר החייאה דגם Philips,עזרה ראשונה וציוד רפואי לעסקים,1150.00,1357.00,ILS,,,https://ymarket.co.il/products/battery-philips/,2026-08-10
504,ערכות עזרה ראשונה לסירות,עזרה ראשונה וציוד רפואי לעסקים,168.00,198.24,ILS,,,https://ymarket.co.il/products/first-aid-first-aid/,2026-08-10
493,ערכת עזרה ראשונה - 1-19 עובדים,עזרה ראשונה וציוד רפואי לעסקים,160.00,188.80,ILS,,,https://ymarket.co.il/products/kit-first-aid-first-aid-1-19/,2026-08-10
496,ערכת עזרה ראשונה - 149 עובדים,עזרה ראשונה וציוד רפואי לעסקים,300.00,354.00,ILS,,,https://ymarket.co.il/products/kit-first-aid-first-aid-149/,2026-08-10
494,ערכת עזרה ראשונה - 49 עובדים,עזרה ראשונה וציוד רפואי לעסקים,180.00,212.40,ILS,,,https://ymarket.co.il/products/kit-first-aid-first-aid-49/,2026-08-10
495,ערכת עזרה ראשונה - 99 עובדים,עזרה ראשונה וציוד רפואי לעסקים,240.00,283.20,ILS,,,https://ymarket.co.il/products/kit-first-aid-first-aid-99/,2026-08-10
503,"ערכת עזרה ראשונה למובילי חומ""ס",עזרה ראשונה וציוד רפואי לעסקים,138.00,162.84,ILS,,,https://ymarket.co.il/products/kit-first-aid-first-aid-503/,2026-08-10
497,ערכת עזרה ראשונה למטבחים,עזרה ראשונה וציוד רפואי לעסקים,418.00,493.24,ILS,,,https://ymarket.co.il/products/kit-first-aid-first-aid/,2026-08-10
502,ערכת עזרה ראשונה לרכב ציבורי,עזרה ראשונה וציוד רפואי לעסקים,278.00,328.04,ILS,,,https://ymarket.co.il/products/kit-first-aid-first-aid-502/,2026-08-10
499,ערכת עזרה ראשונה תקן משרד החינוך,עזרה ראשונה וציוד רפואי לעסקים,318.00,375.24,ILS,,,https://ymarket.co.il/products/kit-first-aid-first-aid-499/,2026-08-10
500,ערכת עזרה ראשונה תקן משרד התחבורה,עזרה ראשונה וציוד רפואי לעסקים,358.00,422.44,ILS,,,https://ymarket.co.il/products/kit-first-aid-first-aid-500/,2026-08-10
498,ערכת עזרה ראשונה תקן פיקוד העורף,עזרה ראשונה וציוד רפואי לעסקים,398.00,469.64,ILS,,,https://ymarket.co.il/products/kit-first-aid-first-aid-498/,2026-08-10
523,פד גזה לא סטרילי 5*5 100 יח',עזרה ראשונה וציוד רפואי לעסקים,10.00,11.80,ILS,,,https://ymarket.co.il/products/5-5-100-523/,2026-08-10
522,פד גזה סטרילי 5*5 100 יח',עזרה ראשונה וציוד רפואי לעסקים,30.00,35.40,ILS,,,https://ymarket.co.il/products/5-5-100/,2026-08-10
520,פלסטרים 100 יח',עזרה ראשונה וציוד רפואי לעסקים,10.00,11.80,ILS,,,https://ymarket.co.il/products/plaster-100/,2026-08-10
330,שרוולון נילון - 2000 יח',עזרה ראשונה וציוד רפואי לעסקים,400.00,472.00,ILS,,,https://ymarket.co.il/products/2000/,2026-08-10
506,תיק חובש בינוני,עזרה ראשונה וציוד רפואי לעסקים,650.00,767.00,ILS,,,https://ymarket.co.il/products/medium/,2026-08-10
508,תיק עזרה ראשונה למכוני כושר,עזרה ראשונה וציוד רפואי לעסקים,638.00,752.84,ILS,,,https://ymarket.co.il/products/first-aid-first-aid-508/,2026-08-10
511,תיק עזרה ראשונה לפעילויות ספורט,עזרה ראשונה וציוד רפואי לעסקים,700.00,826.00,ILS,,,https://ymarket.co.il/products/first-aid-first-aid-511/,2026-08-10
575,חם צוואר שחור,"טקסטיל, ביגוד ומוצרי מגורים",8.00,9.44,ILS,,,https://ymarket.co.il/products/black-575/,2026-08-10
1111,כף הגשה נירוסטה,"טקסטיל, ביגוד ומוצרי מגורים",28.00,33.04,ILS,,,https://ymarket.co.il/products/spoon-1111/,2026-08-10
672,מגבת 140*70 - כותנה,"טקסטיל, ביגוד ומוצרי מגורים",30.00,35.40,ILS,,,https://ymarket.co.il/products/towel-140-70/,2026-08-10
798,מטריה 30 שחורה עם ידית מעוגלת,"טקסטיל, ביגוד ומוצרי מגורים",100.00,118.00,ILS,,,https://ymarket.co.il/products/30-black-with/,2026-08-10
782,שמיכת קורל יחיד 150/200,"טקסטיל, ביגוד ומוצרי מגורים",50.00,59.00,ILS,,,https://ymarket.co.il/products/150-200-782/,2026-08-10
687,שמיכת קיץ יחיד 150/200 (דו צדדי),"טקסטיל, ביגוד ומוצרי מגורים",60.00,70.80,ILS,,,https://ymarket.co.il/products/150-200/,2026-08-10
671,"תיק ספורט (קרדו) - 20*48*26 ס""מ - ממותג","טקסטיל, ביגוד ומוצרי מגורים",90.00,106.20,ILS,,,https://ymarket.co.il/products/20-48-26/,2026-08-10
258,אטבי כביסה ג'וי צבעוניים - 50 יח',היגיינה אישית ומוצרי טיפוח,12.00,14.16,ILS,,,https://ymarket.co.il/products/laundry-50/,2026-08-10
1051,"דאודורנט רול (NIVEA) אנד ביוטי- 50 מ""ל",היגיינה אישית ומוצרי טיפוח,11.00,12.98,ILS,,,https://ymarket.co.il/products/nivea-roll-deodorant-50ml/,2026-08-10
1044,"דאודורנט רול (NIVEA) יבש לגבר - 50 מ""ל",היגיינה אישית ומוצרי טיפוח,10.00,11.80,ILS,,,https://ymarket.co.il/products/nivea-roll-deodorant-50ml/,2026-08-10
1053,"דאודורנט רול (NIVEA) יבש נשים - 50 מ""ל",היגיינה אישית ומוצרי טיפוח,11.00,12.98,ILS,,,https://ymarket.co.il/products/nivea-roll-deodorant-50ml/,2026-08-10
1052,"דאודורנט רול (NIVEA) פרש נשים- 50 מ""ל",היגיינה אישית ומוצרי טיפוח,11.00,12.98,ILS,,,https://ymarket.co.il/products/nivea-roll-deodorant-50ml/,2026-08-10
1054,"דאודורנט רול (NIVEA) קיק מלר גברים- 50 מ""ל",היגיינה אישית ומוצרי טיפוח,11.00,12.98,ILS,,,https://ymarket.co.il/products/nivea-roll-deodorant-50ml/,2026-08-10
49,מגבון (Delux) ריחני בשקית - 72 יח',היגיינה אישית ומוצרי טיפוח,2.50,2.95,ILS,,,https://ymarket.co.il/products/squeegee-delux-scented-bag-72/,2026-08-10
81,מגבון (liteel angels) ריחני בשקית - 64 יח',היגיינה אישית ומוצרי טיפוח,2.00,2.36,ILS,,,https://ymarket.co.il/products/squeegee-liteel-angels-scented-bag-64/,2026-08-10
371,מגבון בדיספנסר 100 יח' (DLux),היגיינה אישית ומוצרי טיפוח,5.00,5.90,ILS,,,https://ymarket.co.il/products/squeegee-100-dlux/,2026-08-10
259,מקלות אוזניים בשקית - 200 יח',היגיינה אישית ומוצרי טיפוח,2.50,2.95,ILS,,,https://ymarket.co.il/products/handle-bag-200/,2026-08-10
663,"משחת שניים קולגייט טריפל אקשן 75 מ""ל",היגיינה אישית ומוצרי טיפוח,8.00,9.44,ILS,,,https://ymarket.co.il/products/straw-75/,2026-08-10
957,סבון ידיים נוזלי + משאבה - 1 ליטר,היגיינה אישית ומוצרי טיפוח,12.00,14.16,ILS,,,https://ymarket.co.il/products/soap-hands-1/,2026-08-10
86,"סבון ידיים קטיפתי - שלשייה 500 מ""ל",היגיינה אישית ומוצרי טיפוח,12.00,14.16,ILS,,,https://ymarket.co.il/products/soap-hands-500/,2026-08-10
1016,קולגייט מברשת שניים MaxFresh,היגיינה אישית ומוצרי טיפוח,10.00,11.80,ILS,,,https://ymarket.co.il/products/maxfresh/,2026-08-10
1017,קולגייט מברשת שניים MaxWhite,היגיינה אישית ומוצרי טיפוח,10.00,11.80,ILS,,,https://ymarket.co.il/products/maxwhite/,2026-08-10
1018,קולגייט מברשת שניים TripleAction - זוג,היגיינה אישית ומוצרי טיפוח,10.00,11.80,ILS,,,https://ymarket.co.il/products/tripleaction/,2026-08-10
1019,קולגייט מברשת שניים Twister,היגיינה אישית ומוצרי טיפוח,10.00,11.80,ILS,,,https://ymarket.co.il/products/twister/,2026-08-10
668,כף - חלק - איכות גבוהה,כלי הגשה רב-פעמיים,3.00,3.54,ILS,,,https://ymarket.co.il/products/spoon/,2026-08-10
667,מזלג - חלק - איכות גבוהה,כלי הגשה רב-פעמיים,3.00,3.54,ILS,,,https://ymarket.co.il/products/fork/,2026-08-10
388,מתקן מפיון שחור,כלי הגשה רב-פעמיים,40.00,47.20,ILS,,,https://ymarket.co.il/products/black-388/,2026-08-10
989,סט 2 סכינים באיכות גבוהה,כלי הגשה רב-פעמיים,13.00,15.34,ILS,,,https://ymarket.co.il/products/2-knives/,2026-08-10
990,סט 6 כפות באיכות גבוהה,כלי הגשה רב-פעמיים,13.00,15.34,ILS,,,https://ymarket.co.il/products/6-spoons/,2026-08-10
991,סט 6 מזלגות חלק (ללא דוגמא),כלי הגשה רב-פעמיים,13.00,15.34,ILS,,,https://ymarket.co.il/products/6-forks-without/,2026-08-10
794,סכום מגירה שקוף פלסטיק,כלי הגשה רב-פעמיים,30.00,35.40,ILS,,,https://ymarket.co.il/products/cutlery-transparent-plastic/,2026-08-10
669,סכין - חלק - איכות גבוהה,כלי הגשה רב-פעמיים,5.00,5.90,ILS,,,https://ymarket.co.il/products/knife-669/,2026-08-10
670,"צלחת מ.עיקרית ""אופל"" 255 ס""מ - זכוכית מחוסמת לבנה",כלי הגשה רב-פעמיים,12.00,14.16,ILS,,,https://ymarket.co.il/products/plate-255/,2026-08-10
993,"צלחת עיקרית 10 אינץ 25.5 ס""מ מזכוכית מחוסמת לבנה",כלי הגשה רב-פעמיים,11.00,12.98,ILS,,,https://ymarket.co.il/products/plate-10-25-5/,2026-08-10
325,"קערה עמוקה מידה 10"" - 10 יחידות",כלי הגשה רב-פעמיים,5.50,6.49,ILS,,,https://ymarket.co.il/products/size-10-10-units/,2026-08-10
